"code","name","tonality_type","latitude","longitude","genus","family","dist_equator","complex_tonal","is_tonal","isAustro","near_lat","near_long","MH","hi_MH","lo_MH","min_MH","max_MH"
"xoo","!Xóõ","Complex",-24,21.5,"Tu","Tu",24,1,1,FALSE,-23.8092,20.625,0.00717401247191011,0.0117685959459459,0.00417083108108108,0.00299,0.01613
"ani","//Ani","Simple",-18.9166666667,21.9166666667,"Khoe-Kwadi","Khoe-Kwadi",18.9166666667,0,1,FALSE,-18.095,22.5,0.00928487853932584,0.0154247869955157,0.00477726457399103,0.00343,0.01812
"abk","Abkhaz","Atonal",43.0833333333,41,"Northwest Caucasian","Northwest Caucasian",43.0833333333,0,0,FALSE,42.8564,41.25,0.00802602011235955,0.0129335098654709,0.00394089686098655,0.00238,0.016
"acm","Achumawi","Simple",41.5,-121,"Achumawi","Hokan",41.5,0,1,FALSE,40.9517,-121.875,0.00559410280898876,0.00704144414414414,0.00426721883408072,0.00331,0.00921
"aco","Acoma","Complex",34.9166666667,-107.583333333,"Keresan","Keresan",34.9166666667,1,1,FALSE,35.2375,-106.875,0.00496904887640449,0.00775382556053812,0.00308760852017937,0.00206,0.01278
"agh","Aghem","Simple",6.66666666667,10,"Wide Grassfields","Niger-Congo",6.66666666667,0,1,FALSE,6.66657,9.375,0.016066198988764,0.0180069545454545,0.0127758108108108,0.00519,0.01976
"aht","Ahtna","Atonal",62,-145,"Athapaskan","Na-Dene",62,0,0,FALSE,61.9033,-144.375,0.00335699808988764,0.00585336531531532,0.00151227937219731,0.00071,0.00887
"aik","Aikaná","Simple",-12.6666666667,-60.6666666667,"Aikaná","Aikaná",12.6666666667,0,1,FALSE,-12.3808,-60,0.0163187117977528,0.0191431981981982,0.0113873125560538,0.00699,0.02024
"ain","Ainu","Simple",43,143,"Ainu","Ainu",43,0,1,FALSE,42.8564,142.5,0.00679533876404494,0.0120860324324324,0.00292923766816143,0.00217,0.01561
"akn","Akan","Simple",6.5,-1.25,"Tano","Niger-Congo",6.5,0,1,FALSE,6.66657,-1.875,0.0175685473033708,0.0190562331838565,0.0157647735426009,0.00898,0.02099
"akw","Akawaio","Atonal",6,-59.5,"Cariban","Cariban",6,0,0,FALSE,6.66657,-60,0.016682996741573,0.0178908071748879,0.0153704515695067,0.01395,0.01891
"ala","Alamblak","Atonal",-4.66666666667,143.333333333,"Sepik Hill","Sepik",4.66666666667,0,0,FALSE,-4.76184,142.5,0.0174830929213483,0.0180448662037037,0.0168655405405405,0.0137,0.01873
"alw","Alawa","Atonal",-15.1666666667,134.25,"Mara","Mangarrayi-Maran",15.1666666667,0,0,FALSE,-14.2855,135,0.0141185917977528,0.0198631390134529,0.00899482466367713,0.0064453,0.0221
"alb","Albanian","Atonal",41,20,"Albanian","Indo-European",41,0,0,FALSE,40.9517,20.625,0.00741660348314607,0.0101754883408072,0.00469472600896861,0.00293,0.0133
"aea","Aleut (Eastern)","Atonal",54.75,-164,"Aleut","Eskimo-Aleut",54.75,0,0,FALSE,54.2846,-163.125,0.00509124528089888,0.00698128968609865,0.00369811126126126,0.00278,0.00863
"ald","Alladian","Simple",5.16666666667,-4.33333333333,"Avikam-Alladian","Niger-Congo",5.16666666667,0,1,FALSE,4.76184,-3.75,0.0184866843820225,0.0198754751131222,0.0170825081818182,0.01552,0.02132
"ame","Amele","Atonal",-5.25,145.583333333,"Mabuso","Trans-New Guinea",5.25,0,0,TRUE,-4.76184,146.25,0.0182911769662921,0.0190419266055046,0.0174732892376682,0.01578,0.01975
"amh","Amharic","Atonal",10,38,"Semitic","Afro-Asiatic",10,0,0,FALSE,10.476,37.5,0.0118345450561798,0.0140080801801802,0.00861784753363229,0.0053,0.01509
"amo","Amo","Simple",10.3333333333,8.66666666667,"Central Kainji","Niger-Congo",10.3333333333,0,1,FALSE,10.476,9.375,0.01255627,0.0175624022624434,0.00533717488789238,0.00164,0.01897
"amu","Amuesha","Atonal",-10.5,-75.4166666667,"Yanesha'","Arawakan",10.5,0,0,FALSE,-10.476,-75,0.0122041711235955,0.0138030761261261,0.0103190131221719,0.00848,0.01542
"amz","Amuzgo","Complex",16.8333333333,-98,"Amuzgoan","Oto-Manguean",16.8333333333,1,1,FALSE,16.1902,-97.5,0.0158599935955056,0.018066625,0.0133325310810811,0.01117,0.01957
"adk","Andoke","Simple",-0.666666666667,-72,"Andoke","Andoke",0.666666666667,0,1,FALSE,-0.952368,-71.25,0.0181012506741573,0.0190188789237668,0.0170613389140271,0.01595,0.02008
"ant","Angaataha","Simple",-7.21666666667,146.25,"Angaataha","Trans-New Guinea",7.21666666667,0,1,TRUE,-6.66657,146.25,0.0163684250561798,0.017683869266055,0.0145661789954338,0.01154,0.01854
"anc","Angas","Complex",9.5,9.5,"West Chadic","Afro-Asiatic",9.5,1,1,FALSE,8.57131,9.375,0.0145578313483146,0.0178645454545455,0.00874116591928251,0.00232,0.01961
"ao","Ao","Complex",26.5833333333,94.6666666667,"Central Naga","Sino-Tibetan",26.5833333333,1,1,FALSE,25.7139,93.75,0.0136707720224719,0.0192214811659193,0.00742952062780269,0.00586,0.02065
"api","Apinayé","Atonal",-5.5,-48,"Je Setentrional","Macro-Ge",5.5,0,0,FALSE,-4.76184,-48.75,0.0179449935955056,0.0194111261261261,0.0152721009009009,0.01067,0.02082
"apu","Apurinã","Atonal",-9,-67,"Purus","Arawakan",9,0,0,FALSE,-8.57131,-67.5,0.0171740286516854,0.0188816143497758,0.0149071457399103,0.01121,0.02008
"arb","Arabela","Atonal",-2,-75.1666666667,"Zaparoan","Zaparoan",2,0,0,FALSE,-2.8571,-75,0.0187250776404494,0.0200056502242152,0.0171730103603604,0.01539,0.0214
"aeg","Arabic (Egyptian)","Atonal",30,31,"Semitic","Afro-Asiatic",30,0,0,FALSE,29.5234,31.875,0.00828465247191011,0.0115887762331839,0.00537588235294118,0.00425,0.01342
"ana","Araona","Atonal",-12.3333333333,-67.75,"Tacanan","Pano-Tacanan",12.3333333333,0,0,FALSE,-12.3808,-67.5,0.0166732726966292,0.0188714027149321,0.0143093556053812,0.0116,0.02071
"arp","Arapesh (Mountain)","Atonal",-3.46666666667,143.166666667,"Kombio-Arapesh","Torricelli",3.46666666667,0,0,FALSE,-2.8571,142.5,0.0188647958426966,0.0194250226244344,0.0183553283783784,0.01767,0.02016
"arc","Archi","Atonal",42,46.8333333333,"Lezgic","Nakh-Daghestanian",42,0,0,FALSE,42.8564,46.875,0.0067356295505618,0.00984225855855856,0.00352331126126126,0.00229,0.01197
"arm","Armenian (Eastern)","Atonal",40,45,"Armenian","Indo-European",40,0,0,FALSE,40.9517,45,0.00650605247191011,0.010469231838565,0.00275964618834081,0.00167,0.01317
"amp","Arrernte (Mparntwe)","Atonal",-24,136,"Central Pama-Nyungan","Pama-Nyungan",24,0,0,TRUE,-23.8092,136.875,0.00554548483146067,0.00846738738738739,0.00365005246636771,0.00278,0.01688
"asm","Asmat","Atonal",-5.5,138.5,"Asmat-Kamrau Bay","Asmat-Kamrau Bay",5.5,0,0,FALSE,-4.76184,138.75,0.017665516741573,0.0183815864485981,0.0169215294117647,0.01533,0.01908
"ata","Atayal","Atonal",24.5,121.333333333,"Atayalic","Austronesian",24.5,0,0,TRUE,23.8092,121.875,0.0162236169662921,0.0200615886363636,0.0121864125560538,0.00916,0.02129
"ava","Avar","Atonal",42.5,46.5,"Avar-Andic-Tsezic","Nakh-Daghestanian",42.5,0,0,FALSE,42.8564,46.875,0.0067356295505618,0.00984225855855856,0.00352331126126126,0.00229,0.01197
"awp","Awa Pit","Atonal",1.5,-78.25,"Barbacoan","Barbacoan",1.5,0,0,FALSE,0.952368,-78.75,0.0149962043820225,0.0161372013574661,0.013883631981982,0.0123,0.01754
"awn","Awngi","Simple",10.8333333333,36.6666666667,"Central Cushitic","Afro-Asiatic",10.8333333333,0,1,FALSE,10.476,37.5,0.0118345450561798,0.0140080801801802,0.00861784753363229,0.0053,0.01509
"aym","Aymara (Central)","Atonal",-17,-69,"Aymaran","Aymaran",17,0,0,FALSE,-16.1902,-69.375,0.00823136123595506,0.0105079184684685,0.00543289504504505,0.00339,0.01176
"aze","Azerbaijani","Atonal",40.5,48.5,"Turkic","Altaic",40.5,0,0,FALSE,40.9517,48.75,0.00751785247191011,0.0104595708520179,0.00448143497757848,0.00329,0.01277
"bag","Bagirmi","Complex",11.6666666667,16,"Bongo-Bagirmi","Central Sudanic",11.6666666667,1,1,FALSE,12.3808,16.875,0.0101940947191011,0.0179156825112108,0.00311367713004484,0.00159,0.02114
"bai","Bai","Complex",26,100,"Macro-Bai","Sino-Tibetan",26,1,1,FALSE,25.7139,99.375,0.0100174735955056,0.0151505829596413,0.00501946188340807,0.00349,0.01635
"baj","Bajau (Sama)","Atonal",-4.33333333333,123,"Sama-Bajaw","Austronesian",4.33333333333,0,0,TRUE,-4.76184,123.75,0.0190598097752809,0.0201530193693694,0.0178717321266968,0.01567,0.02106
"bki","Bakairí","Atonal",-14,-55,"Cariban","Cariban",14,0,0,FALSE,-14.2855,-54.375,0.0148695374157303,0.0186782882882883,0.00862068295964126,0.00619,0.02008
"bam","Bambara","Simple",12.5,-7.5,"Western Mande","Mande",12.5,0,1,FALSE,12.3808,-7.5,0.0118416250561798,0.019063907239819,0.00389477477477477,0.00149,0.02026
"byu","Bandjalang (Yugumbir)","Atonal",-27.9166666667,153,"Southeastern Pama-Nyungan","Pama-Nyungan",27.9166666667,0,0,TRUE,-27.6186,153.75,0.0127220682022472,0.0159180339366516,0.00959728789237668,0.0081,0.01784
"brd","Bardi","Atonal",-16.5833333333,122.916666667,"Nyulnyulan","Nyulnyulan",16.5833333333,0,0,FALSE,-16.1902,123.75,0.0170323369662921,0.0208401351351351,0.0124524677130045,0.01027,0.02206
"brb","Bariba","Complex",10,2.5,"Baatonum","Niger-Congo",10,1,1,FALSE,10.476,1.875,0.0136550947191011,0.0184804201793722,0.00695905829596413,0.0016,0.02008
"bsk","Bashkir","Atonal",53,58,"Turkic","Altaic",53,0,0,FALSE,52.3799,58.125,0.00503117426966292,0.0094853454954955,0.0015093334841629,0.00049,0.01246
"bsq","Basque","Atonal",43,-3,"Basque","Basque",43,0,0,FALSE,42.8564,-3.75,0.00752289696629214,0.0102006932432432,0.00527698778280543,0.00363,0.01349
"bkr","Batak (Karo)","Atonal",3.25,98.25,"Northwest Sumatra-Barrier Islands","Austronesian",3.25,0,0,TRUE,2.8571,97.5,0.017915785505618,0.0188298636363636,0.0167772825112108,0.01431,0.02003
"bto","Batak (Toba)","Atonal",2.5,99,"Northwest Sumatra-Barrier Islands","Austronesian",2.5,0,0,TRUE,2.8571,99.375,0.0183118776404494,0.019439,0.0167575762331839,0.01284,0.0206
"baw","Bawm","Simple",22.5,92.25,"Kuki-Chin","Sino-Tibetan",22.5,0,1,FALSE,21.9044,91.875,0.0148534196629213,0.0205348520361991,0.00783999954954955,0.00591,0.02152
"bee","Beembe","Simple",-3.91666666667,14.0833333333,"Bantu","Niger-Congo",3.91666666667,0,1,FALSE,-4.76184,15,0.0155457715730337,0.0180767713004484,0.0114101189189189,0.00848,0.01927
"bej","Beja","Simple",18,36,"Beja","Afro-Asiatic",18,0,1,FALSE,18.095,35.625,0.00972309966292135,0.0126335031390135,0.00748484304932735,0.00526,0.0188621
"bco","Bella Coola","Atonal",52.5,-126.666666667,"Bella Coola","Salishan",52.5,0,0,FALSE,52.3799,-127.5,0.00545692842696629,0.00817750627802691,0.00360374429223744,0.00176,0.0103
"ben","Bengali","Atonal",24,90,"Indic","Indo-European",24,0,0,FALSE,23.8092,90,0.0154902475280899,0.0221035174887892,0.00848713004484305,0.00616,0.02344
"bma","Berber (Middle Atlas)","Atonal",33,-5,"Berber","Afro-Asiatic",33,0,0,FALSE,33.3328,-5.625,0.00667197337078652,0.00799622752293578,0.00538624279279279,0.00409,0.01037
"ber","Berta","Simple",10.3333333333,34.6666666667,"Berta","Berta",10.3333333333,0,1,FALSE,10.476,33.75,0.0145374452808989,0.0180986701357466,0.00890596412556054,0.00399,0.01973
"bir","Birom","Complex",9.66666666667,8.83333333333,"Benue-Congo Plateau","Niger-Congo",9.66666666667,1,1,FALSE,10.476,9.375,0.01255627,0.0175624022624434,0.00533717488789238,0.00164,0.01897
"bis","Bisa","Atonal",11.5,-0.5,"Eastern Mande","Mande",11.5,0,0,FALSE,12.3808,0,0.0117410376404494,0.0188742461883408,0.00405331838565022,0.00132,0.0209
"bbf","Bobo Madaré (Northern)","Complex",12.4166666666667,-4.3333333333333,"Western Mande","Mande",12.4166666666667,1,1,FALSE,12.3808,-3.75,0.0117232726966292,0.0189842596412556,0.00377201793721973,0.00157,0.0206
"bod","Bodo","Simple",26.8333333333,92,"Brahmaputran","Sino-Tibetan",26.8333333333,0,1,FALSE,27.6186,91.875,0.00902639674157303,0.0142310265765766,0.00443973094170404,0.0034,0.01585
"brr","Bororo","Atonal",-16,-57,"Bororoan","Bororoan",16,0,0,FALSE,-16.1902,-56.25,0.0151947607865169,0.0193609417040359,0.0090340730941704,0.00634,0.02092
"brh","Brahui","Atonal",28.5,67,"Dravidian","Dravidian",28.5,0,0,FALSE,27.6186,67.5,0.0061783091011236,0.0106504443946188,0.00336031390134529,0.00193,0.01673
"bre","Breton","Atonal",48,-3,"Celtic","Indo-European",48,0,0,FALSE,48.5705,-3.75,0.00775561426966292,0.00996295067264574,0.00590656108597285,0.00422,0.01196
"brw","Bru (Western)","Atonal",16.75,104.75,"Katuic","Austro-Asiatic",16.75,0,0,FALSE,16.1902,105,0.017008558988764,0.0199678923766816,0.0126920627802691,0.00975,0.02128
"bul","Bulgarian","Atonal",42.5,25,"Slavic","Indo-European",42.5,0,0,FALSE,42.8564,24.375,0.00693950820224719,0.0107656554054054,0.00358746143497758,0.00212,0.01417
"bua","Burarra","Atonal",-12.25,134.583333333,"Burarran","Mangrida",12.25,0,0,FALSE,-12.3808,135,0.0161578637078652,0.0205099103139013,0.0120372321266968,0.0097949,0.02206
"brm","Burmese","Complex",21,96,"Burmese-Lolo","Sino-Tibetan",21,1,1,FALSE,21.9044,95.625,0.0128013126966292,0.018705363963964,0.00578726457399103,0.00356,0.01953
"bur","Burushaski","Atonal",36.5,74.5,"Burushaski","Burushaski",36.5,0,0,FALSE,37.1423,75,0.00304007898876404,0.00523503273542601,0.00126031531531532,0.00069,0.0073
"bet","Bété","Complex",6.25,-6.25,"Kru","Niger-Congo",6.25,1,1,FALSE,6.66657,-5.625,0.0173718848314607,0.0188430414746544,0.0154987367713004,0.00926,0.02071
"cac","Cacua","Simple",1.08333333333,-70,"Cacua-Nukak","Cacua-Nukak",1.08333333333,0,1,FALSE,0.952368,-69.375,0.0185824673033708,0.0193957534246575,0.0177109371040724,0.01652,0.02046
"cad","Caddo","Simple",33.3333333333,-93.5,"Caddo","Caddoan",33.3333333333,0,1,FALSE,33.3328,-93.75,0.0108974219101124,0.0170949860986547,0.00582201793721973,0.00352,0.0207
"cah","Cahuilla","Atonal",33.5,-116.25,"Northern Uto-Aztecan","Uto-Aztecan",33.5,0,0,FALSE,33.3328,-116.25,0.00645575674157303,0.00843134304932735,0.0047247134529148,0.00342,0.01128
"cax","Campa (Axininca)","Atonal",-12,-74,"Pre-Andine Arawakan","Arawakan",12,0,0,FALSE,-12.3808,-73.125,0.0115587738202247,0.0131189168181818,0.00950208963963964,0.00739,0.0143
"cam","Camsá","Atonal",1.16666666667,-77,"Camsá","Camsá",1.16666666667,0,0,FALSE,0.952368,-76.875,0.0151963194382022,0.0162636486486486,0.0139108195454545,0.0118085,0.01748
"cnl","Canela","Atonal",-7,-45,"Je Setentrional","Macro-Ge",7,0,0,FALSE,-6.66657,-45,0.0162477994382022,0.0192714545454545,0.0111128856502242,0.00863,0.02058
"cnt","Cantonese","Complex",23,113,"Chinese","Sino-Tibetan",23,1,1,FALSE,23.8092,112.5,0.0133876798876404,0.0195936104072398,0.00639596188340807,0.00294,0.02103
"car","Carib","Atonal",5.5,-56,"Cariban","Cariban",5.5,0,0,FALSE,4.76184,-56.25,0.0173690434831461,0.0184552914798206,0.0161166968325792,0.01453,0.0195
"ctl","Catalan","Atonal",41.75,2,"Romance","Indo-European",41.75,0,0,FALSE,40.9517,1.875,0.00961367584269663,0.0138107711711712,0.00637908475336323,0.00471,0.01718
"cyv","Cayuvava","Atonal",-13.5,-65.5,"Cayuvava","Cayuvava",13.5,0,0,FALSE,-14.2855,-65.625,0.0166914201123596,0.0191587443946188,0.0139560479820628,0.01107,0.02104
"chw","Cham (Western)","Simple",12,105.5,"Malayo-Sumbawan","Austronesian",12,0,1,TRUE,12.3808,105,0.0175200012359551,0.0201207457399103,0.0134679372197309,0.01029,0.02145
"cha","Chamorro","Atonal",13.45,144.75,"Chamorro","Austronesian",13.45,0,0,TRUE,14.2855,144.375,0.0192952120224719,0.0201857077625571,0.0182206477477477,0.01686,0.02094
"cso","Chatino (Sierra Occidental)","Complex",16.25,-97.3333333333,"Zapotecan","Oto-Manguean",16.25,1,1,FALSE,16.1902,-97.5,0.0158599935955056,0.018066625,0.0133325310810811,0.01117,0.01957
"chl","Chehalis (Upper)","Atonal",46.5833333333,-123,"Tsamosan","Salishan",46.5833333333,0,0,FALSE,46.6658,-123.75,0.00682479269662921,0.00849707085201794,0.00520381165919283,0.00373,0.00978
"che","Cherokee","Simple",35.5,-83.5,"Southern Iroquoian","Iroquoian",35.5,0,1,FALSE,35.2375,-84.375,0.0099768511235955,0.0162185545045045,0.004837766367713,0.00237,0.01893
"cck","Chickasaw","Atonal",34,-88,"Muskogean","Muskogean",34,0,0,FALSE,33.3328,-88.125,0.0115426156179775,0.0181418193693694,0.00606951524663677,0.0034,0.02105
"cti","Chin (Tiddim)","Complex",23.3333333333,93.6666666667,"Kuki-Chin","Sino-Tibetan",23.3333333333,1,1,FALSE,23.8092,93.75,0.0128719935955056,0.0191369513513514,0.00563941441441441,0.0037,0.02015
"cle","Chinantec (Lealao)","Complex",17.3333333333,-95.9166666667,"Chinantecan","Oto-Manguean",17.3333333333,1,1,FALSE,18.095,-95.625,0.0152417904494382,0.0179343398190045,0.0123218427927928,0.01064,0.01929
"chq","Chinantec (Quiotepec)","Complex",17.5833333333,-96.6666666667,"Chinantecan","Oto-Manguean",17.5833333333,1,1,FALSE,18.095,-97.5,0.013638118988764,0.01581943632287,0.0111917035874439,0.00972,0.01743
"chp","Chipewyan","Simple",59,-106,"Athapaskan","Na-Dene",59,0,1,FALSE,58.0939,-106.875,0.00430627808988764,0.00884589237668161,0.000997481165919283,0.00029,0.01173
"chk","Chukchi","Atonal",67,-173,"Northern Chukotko-Kamchatkan","Chukotko-Kamchatkan",67,0,0,FALSE,67.6171,-172.5,0.00265857292134832,0.00504393619909502,0.000631586757990868,2e-04,0.00705
"chv","Chuvash","Atonal",55.5,47.5,"Turkic","Altaic",55.5,0,0,FALSE,56.1893,46.875,0.00538073606741573,0.0101957148648649,0.00170443438914027,0.00075,0.01406
"cil","CiLuba","Simple",-6,22,"Bantu","Niger-Congo",6,0,1,FALSE,-6.66657,22.5,0.0147471801123596,0.0175253393665158,0.00949263632286996,0.00533,0.01873
"ccp","Cocopa","Atonal",32.3333333333,-115,"Yuman","Hokan",32.3333333333,0,0,FALSE,31.4281,-114.375,0.00590399179775281,0.00806828190045249,0.00420400045045045,0.00289,0.01121
"cmn","Comanche","Atonal",33.5,-101.5,"Northern Uto-Aztecan","Uto-Aztecan",33.5,0,0,FALSE,33.3328,-101.25,0.0070835495505618,0.0116530757847534,0.00322882825112108,0.00207,0.01545
"coo","Coos (Hanis)","Atonal",43.5,-124.166666667,"Coosan","Oregon Coast",43.5,0,0,FALSE,42.8564,-123.75,0.00650002685393258,0.00779914753363229,0.00525535515695067,0.00432,0.00945
"cre","Cree (Plains)","Atonal",54,-110,"Algonquian","Algic",54,0,0,FALSE,54.2846,-110.625,0.00543680438202247,0.0102067421524664,0.00178150585585586,0.00056,0.01266
"cub","Cubeo","Simple",1.33333333333,-70.5,"Tucanoan","Tucanoan",1.33333333333,0,1,FALSE,0.952368,-71.25,0.0183790434831461,0.0193125112107623,0.017369342081448,0.01622,0.02043
"dad","Dadibi","Simple",-6.55,144.583333333,"Teberan","Teberan-Pawaian",6.55,0,1,FALSE,-6.66657,144.375,0.0166033971910112,0.01765389543379,0.0151630282511211,0.0111,0.01847
"dgb","Dagbani","Simple",9.58333333333,-0.5,"Oti-Volta","Niger-Congo",9.58333333333,0,1,FALSE,10.476,0,0.0138708978651685,0.0186845152466368,0.00716261261261261,0.00173,0.0203
"dgr","Dagur","Atonal",48,124,"Mongolic","Altaic",48,0,0,FALSE,48.5705,123.75,0.00504959898876405,0.0115733851351351,0.000806376126126126,0.00039,0.01699
"dah","Dahalo","Simple",-2.33333333333,40.5,"Dahalo","Afro-Asiatic",2.33333333333,0,1,FALSE,-2.8571,41.25,0.0178072749438202,0.0191991031390135,0.0162864932735426,0.01551,0.02055
"ddf","Daju (Dar Fur)","Atonal",12.25,25.25,"Daju","Eastern Sudanic",12.25,0,0,FALSE,12.3808,24.375,0.0113174039325843,0.0174711748878924,0.00433774774774775,0.00223,0.01906
"dan","Dan","Complex",7.5,-8,"Eastern Mande","Mande",7.5,1,1,FALSE,6.66657,-7.5,0.0174515248314607,0.0188355760368664,0.0157769179372197,0.00979,0.02046
"dnw","Dangaléat (Western)","Simple",12.1666666667,18.3333333333,"East Chadic","Afro-Asiatic",12.1666666667,0,1,FALSE,12.3808,18.75,0.01092975,0.0182127009009009,0.00373183856502242,0.00181,0.02091
"dni","Dani (Lower Grand Valley)","Atonal",-4.33333333333,138.833333333,"Dani","Trans-New Guinea",4.33333333333,0,0,TRUE,-4.76184,138.75,0.017665516741573,0.0183815864485981,0.0169215294117647,0.01533,0.01908
"dar","Darai","Atonal",24,84,"Indic","Indo-European",24,0,0,FALSE,23.8092,84.375,0.0113045603370787,0.0198701237668161,0.00457941441441441,0.00287,0.02218
"det","Deti","Simple",-20.5,24.5,"Khoe-Kwadi","Khoe-Kwadi",20.5,0,1,FALSE,-19.9997,24.375,0.00904967404494382,0.0149424623318386,0.00493472511210762,0.00395,0.01822
"die","Diegueño (Mesa Grande)","Atonal",32.6666666667,-116.166666667,"Yuman","Hokan",32.6666666667,0,0,FALSE,33.3328,-116.25,0.00645575674157303,0.00843134304932735,0.0047247134529148,0.00342,0.01128
"din","Dinka","Complex",8.5,28,"Western Nilotic","Eastern Sudanic",8.5,1,1,FALSE,8.57131,28.125,0.0150343886516854,0.0191906264840183,0.00776630630630631,0.00252,0.02087
"dio","Diola-Fogny","Atonal",13,-16.25,"Jola","Niger-Congo",13,0,0,FALSE,12.3808,-16.875,0.01623903,0.0194756484304933,0.0126095045045045,0.01067,0.02099
"diy","Diyari","Atonal",-28,139,"Central Pama-Nyungan","Pama-Nyungan",28,0,0,TRUE,-27.6186,138.75,0.00530359943820225,0.00735013513513514,0.00392805695067265,0.00321,0.01509
"diz","Dizi","Complex",6.16666666667,36.5,"Dizoid","Afro-Asiatic",6.16666666667,1,1,FALSE,6.66657,35.625,0.013864627752809,0.015618422972973,0.0110552914798206,0.00771,0.01712
"djp","Djapu","Atonal",-12.6666666667,136,"Western Pama-Nyungan","Pama-Nyungan",12.6666666667,0,0,TRUE,-12.3808,136.875,0.0181076506741573,0.020482972972973,0.0154353591928251,0.01355,0.02193
"der","Dla (Proper)","Atonal",-3.58333333333,141,"Senagi","Senagi",3.58333333333,0,0,FALSE,-2.8571,140.625,0.0186520628089888,0.0192039090909091,0.0181391488687783,0.01725,0.01983
"don","Dong (Southern)","Complex",27,109,"Kam-Tai","Tai-Kadai",27,1,1,FALSE,27.6186,108.75,0.0117868884269663,0.0182546932432432,0.00548690582959641,0.00289,0.01998
"doy","Doyayo","Complex",8.66666666667,13.0833333333,"Samba-Duru","Niger-Congo",8.66666666667,1,1,FALSE,8.57131,13.125,0.0130246461797753,0.017617802690583,0.00549520179372197,0.00147,0.01959
"dre","Drehu","Atonal",-21,167.25,"Oceanic","Austronesian",21,0,0,TRUE,-21.9044,166.875,0.0153360340449438,0.018272331838565,0.0125720427927928,0.01109,0.02081
"dum","Dumo","Complex",-2.68333333333,141.3,"Western Skou","Skou",2.68333333333,1,1,FALSE,-2.8571,140.625,0.0186520628089888,0.0192039090909091,0.0181391488687783,0.01725,0.01983
"dyi","Dyirbal","Atonal",-17.8333333333,145.583333333,"Northern Pama-Nyungan","Pama-Nyungan",17.8333333333,0,0,TRUE,-18.095,146.25,0.0151627706741573,0.018342466367713,0.0119560596412556,0.00979,0.02018
"efi","Efik","Simple",4.91666666667,8.5,"Lower Cross","Niger-Congo",4.91666666667,0,1,FALSE,4.76184,9.375,0.0168637657303371,0.0180036529680365,0.0154275905829596,0.00998,0.01942
"eja","Ejagham","Complex",5.41666666667,8.66666666667,"Ekoid-Mbe","Niger-Congo",5.41666666667,1,1,FALSE,4.76184,9.375,0.0168637657303371,0.0180036529680365,0.0154275905829596,0.00998,0.01942
"eka","Ekari","Simple",-3.83333333333,135.5,"Paniai Lakes","Trans-New Guinea",3.83333333333,0,1,TRUE,-4.76184,135,0.0186645401123595,0.0195264572072072,0.0177390339366516,0.01636,0.02049
"eng","English","Atonal",52,0,"Germanic","Indo-European",52,0,0,FALSE,52.3799,0,0.00681586191011236,0.00898937219730942,0.00497398190045249,0.00332,0.01066
"epe","Epena Pedee","Atonal",3,-77,"Choco","Choco",3,0,0,FALSE,2.8571,-76.875,0.0158650515730337,0.0166038009049774,0.0150513635135135,0.01348,0.01777
"evn","Even","Atonal",68,130,"Tungusic","Altaic",68,0,0,FALSE,67.6171,129.375,0.00268247269662921,0.00695137892376682,0.000216265909090909,8e-05,0.01051
"eve","Evenki","Atonal",56,125,"Tungusic","Altaic",56,0,0,FALSE,56.1893,125.625,0.00418453292134831,0.0103538883408072,0.000500596860986547,0.00022,0.01464
"ewe","Ewe","Simple",6.33333333333,0.416666666667,"Gbe","Niger-Congo",6.33333333333,0,1,FALSE,6.66657,0,0.0176972452808989,0.019084932735426,0.0158670865470852,0.00829,0.02063
"ewo","Ewondo","Complex",4,12,"Bantu","Niger-Congo",4,1,1,FALSE,4.76184,11.25,0.0158461225842697,0.0170470720720721,0.0141204251141553,0.00792,0.01834
"eya","Eyak","Atonal",60.5,-145,"Eyak","Na-Dene",60.5,0,0,FALSE,59.9986,-144.375,0.00496248033707865,0.00716631883408072,0.00329931666666667,0.00254,0.00894
"fas","Fasu","Simple",-6.58333333333,143.333333333,"Fasu","Trans-New Guinea",6.58333333333,0,1,TRUE,-6.66657,142.5,0.0176736043820225,0.0186417591928251,0.0164705191780822,0.01219,0.01951
"fef","Fe'fe'","Complex",5.25,10.1666666667,"Wide Grassfields","Niger-Congo",5.25,1,1,FALSE,4.76184,9.375,0.0168637657303371,0.0180036529680365,0.0154275905829596,0.00998,0.01942
"fij","Fijian","Atonal",-17.8333333333,178,"Oceanic","Austronesian",17.8333333333,0,0,TRUE,-18.095,178.125,0.0175469419101124,0.019531628959276,0.015441902690583,0.01358,0.02105
"fin","Finnish","Atonal",62,25,"Finnic","Uralic",62,0,0,FALSE,61.9033,24.375,0.00506924258426966,0.00841318693693694,0.00238188340807175,0.001,0.01114
"fre","French","Atonal",48,2,"Romance","Indo-European",48,0,0,FALSE,48.5705,1.875,0.00719766235955056,0.00993491176470588,0.00477205067264574,0.00266,0.01296
"ful","Fulniô","Simple",-8,-37.5,"Fulniô","Fulniô",8,0,1,FALSE,-8.57131,-37.5,0.0147381482022472,0.0169582511210762,0.012756022972973,0.01166,0.01882
"fur","Fur","Simple",13.5,25,"Fur","Fur",13.5,0,1,FALSE,14.2855,24.375,0.00827219359550562,0.0147485130044843,0.00342829596412556,0.00187,0.0184184
"fuz","Fuzhou","Complex",26,119.5,"Chinese","Sino-Tibetan",26,1,1,FALSE,25.7139,120,0.0140624484269663,0.0195414260089686,0.00879650224215247,0.00604,0.021
"fye","Fyem","Simple",9.58333333333,9.33333333333,"Benue-Congo Plateau","Niger-Congo",9.58333333333,0,1,FALSE,10.476,9.375,0.01255627,0.0175624022624434,0.00533717488789238,0.00164,0.01897
"gds","Gadsup","Complex",-6.25,146,"Gauwa","Trans-New Guinea",6.25,1,1,TRUE,-6.66657,146.25,0.0163684250561798,0.017683869266055,0.0145661789954338,0.01154,0.01854
"gar","Garo","Atonal",25.6666666667,90.5,"Brahmaputran","Sino-Tibetan",25.6666666667,0,0,FALSE,25.7139,90,0.0136423180898876,0.0196081887387387,0.00742972972972973,0.00538,0.02095
"grr","Garrwa","Atonal",-17.0833333333,137.166666667,"Garrwan","Garrwan",17.0833333333,0,0,FALSE,-16.1902,136.875,0.0135870003370787,0.0193245454545455,0.00849670990990991,0.0062655,0.02219
"gbb","Gbeya Bossangoa","Simple",6.66666666667,17.5,"Gbaya-Manza-Ngbaka","Niger-Congo",6.66666666667,0,1,FALSE,6.66657,16.875,0.0155556704494382,0.0180542600896861,0.0110248878923767,0.00325,0.01955
"gla","Gelao","Complex",22.9166666667,105.5,"Kadai","Tai-Kadai",22.9166666667,1,1,FALSE,23.8092,105,0.0128423275280899,0.0177375708520179,0.00778495454545455,0.00452,0.01903
"geo","Georgian","Atonal",42,44,"Kartvelian","Kartvelian",42,0,0,FALSE,42.8564,43.125,0.00697754775280899,0.0118307040540541,0.00319179372197309,0.00181,0.0147
"ger","German","Atonal",52,10,"Germanic","Indo-European",52,0,0,FALSE,52.3799,9.375,0.00643063539325843,0.0095305201793722,0.00372159773755656,0.00202,0.01239
"goo","Gooniyandi","Atonal",-18.3333333333,126.333333333,"Bunuban","Bunuban",18.3333333333,0,0,FALSE,-18.095,125.625,0.00937741786516854,0.015880990990991,0.00431188161434978,0.00239,0.01971
"gan","Great Andamanese","Atonal",12,92.6666666667,"Great Andamanese","Great Andamanese",12,0,0,FALSE,12.3808,91.875,0.0186338942696629,0.0203939331838565,0.0164138143497758,0.01402,0.02177
"grb","Grebo","Complex",5,-8,"Kru","Niger-Congo",5,1,1,FALSE,4.76184,-7.5,0.0181587562921348,0.0195464864864865,0.0167088662162162,0.01495,0.02102
"grk","Greek (Modern)","Atonal",39,22,"Greek","Indo-European",39,0,0,FALSE,39.047,22.5,0.00796184438202247,0.0102826271493213,0.00564377432432432,0.00393,0.01313
"grw","Greenlandic (West)","Atonal",64,-51,"Eskimo","Eskimo-Aleut",64,0,0,FALSE,63.8079,-50.625,0.00268381966292135,0.00437235409090909,0.00129655560538117,0.00033,0.00549
"gua","Guaraní","Atonal",-26,-56,"Maweti-Guarani","Tupian",26,0,0,FALSE,-25.7139,-56.25,0.0151121715730337,0.0189560734234234,0.0112080247747748,0.00851,0.02118
"gwa","Gwari","Complex",9.5,7,"Nupoid","Niger-Congo",9.5,1,1,FALSE,8.57131,7.5,0.0152744115730337,0.017954932735426,0.0103868018018018,0.00314,0.01987
"ga","Gã","Complex",5.66666666667,-0.166666666667,"Ga-Dangme","Niger-Congo",5.66666666667,1,1,FALSE,4.76184,0,0.0187083225842697,0.0200597757847534,0.0172722704545455,0.0156,0.02149
"had","Hadza","Simple",-3.75,35.1666666667,"Hadza","Hadza",3.75,0,1,FALSE,-2.8571,35.625,0.0113001630337079,0.0140721076233184,0.00860196771300448,0.00748,0.01554
"hai","Haida","Atonal",53,-132,"Haida","Haida",53,0,0,FALSE,52.3799,-131.25,0.00661871539325843,0.00880185158371041,0.00493579185520362,0.00327,0.01064
"hak","Hakka","Complex",25,116,"Chinese","Sino-Tibetan",25,1,1,FALSE,25.7139,116.25,0.0129822852808989,0.0194534165919283,0.00617114394618834,0.00278,0.02098
"hmr","Hamer","Simple",5,36.5,"South Omotic","Afro-Asiatic",5,0,1,FALSE,4.76184,35.625,0.0137758951685393,0.0159278430493274,0.0105412162162162,0.0076,0.01738
"ham","Hamtai","Simple",-7.5,146.25,"Nuclear Angan","Trans-New Guinea",7.5,0,1,TRUE,-6.66657,146.25,0.0163684250561798,0.017683869266055,0.0145661789954338,0.01154,0.01854
"hau","Hausa","Simple",12,7,"West Chadic","Afro-Asiatic",12,0,1,FALSE,12.3808,7.5,0.0114806470786517,0.0181964452914798,0.00419152466367713,0.00178,0.01998
"haw","Hawaiian","Atonal",19.5833333333,-155.5,"Oceanic","Austronesian",19.5833333333,0,0,TRUE,19.9997,-155.625,0.0153463643820225,0.0168346121076233,0.0138977272727273,0.01278,0.01857
"hba","Hebrew (Modern Ashkenazic)","Atonal",31.75,35.1666666667,"Semitic","Afro-Asiatic",31.75,0,0,FALSE,31.4281,35.625,0.00813309516853933,0.0116873855855856,0.00525204618834081,0.00406,0.01365
"hin","Hindi","Atonal",25,77,"Indic","Indo-European",25,0,0,FALSE,25.7139,76.875,0.00978634865168539,0.0187561650224215,0.0042047533632287,0.00256,0.02242
"hix","Hixkaryana","Atonal",-1,-59,"Cariban","Cariban",1,0,0,FALSE,-0.952368,-58.125,0.0182684308988764,0.0191113242009132,0.0172464369369369,0.01519,0.02013
"hmo","Hmong Njua","Complex",28,105,"Hmongic","Hmong-Mien",28,1,1,FALSE,27.6186,105,0.0115836641573034,0.0178906542600897,0.00564620044843049,0.0038,0.01978
"hop","Hopi","Simple",36,-110,"Northern Uto-Aztecan","Uto-Aztecan",36,0,1,FALSE,35.2375,-110.625,0.00500540438202247,0.00716970717488789,0.00351146351351351,0.00252,0.01289
"htc","Huastec","Atonal",22.0833333333,-99.3333333333,"Mayan","Mayan",22.0833333333,0,0,FALSE,21.9044,-99.375,0.0127737513483146,0.0156572408071749,0.00976556153846154,0.00695,0.01689
"hve","Huave (San Mateo del Mar)","Simple",16.2166666667,-95,"Huavean","Huavean",16.2166666667,0,1,FALSE,16.1902,-95.625,0.0162882628089888,0.0188520551569507,0.0133679923423423,0.01137,0.02051
"hum","Huitoto (Murui)","Atonal",-1,-73.5,"Witoto","Witotoan",1,0,0,FALSE,-0.952368,-73.125,0.0183976726966292,0.0194368325791855,0.0171876463636364,0.01556,0.02068
"hun","Hungarian","Atonal",47,20,"Ugric","Uralic",47,0,0,FALSE,46.6658,20.625,0.00778237786516854,0.0124380713004484,0.0035911527027027,0.00216,0.01549
"hzb","Hunzib","Atonal",42.1666666667,46.25,"Avar-Andic-Tsezic","Nakh-Daghestanian",42.1666666667,0,0,FALSE,42.8564,46.875,0.0067356295505618,0.00984225855855856,0.00352331126126126,0.00229,0.01197
"hup","Hupa","Atonal",41.0833333333,-123.666666667,"Athapaskan","Na-Dene",41.0833333333,0,0,FALSE,40.9517,-123.75,0.00691148348314607,0.00815518648648649,0.00569116803652968,0.00467,0.00964
"iaa","Iaai","Atonal",-20.4166666667,166.583333333,"Oceanic","Austronesian",20.4166666667,0,0,TRUE,-19.9997,166.875,0.0162920695505618,0.0189388288288288,0.0137033179372197,0.01208,0.02103
"iba","Iban","Atonal",2,112,"Malayo-Sumbawan","Austronesian",2,0,0,TRUE,2.8571,112.5,0.0190995540449438,0.0199279908675799,0.0181526044843049,0.01651,0.021
"igb","Igbo","Simple",6,7.33333333333,"Igboid","Niger-Congo",6,0,1,FALSE,6.66657,7.5,0.0171527351685393,0.0186883181818182,0.0147284304932735,0.00692,0.0205
"ijo","Ijo (Kolokuma)","Simple",4.91666666667,5.66666666667,"Ijoid","Ijoid",4.91666666667,0,1,FALSE,4.76184,5.625,0.0187875437078652,0.0199412107623318,0.0176041153153153,0.01619,0.0217
"ik","Ik","Simple",3.75,34.1666666667,"Kuliak","Eastern Sudanic",3.75,0,1,FALSE,2.8571,33.75,0.0142634394382022,0.0162998343891403,0.0108404054054054,0.00665,0.0177
"ika","Ika","Atonal",10.6666666667,-73.75,"Arhuacic","Chibchan",10.6666666667,0,0,FALSE,10.476,-73.125,0.0170904070786517,0.0189185627802691,0.014164932735426,0.01182,0.01999
"imo","Imonda","Atonal",-3.33333333333,141.166666667,"Border","Border",3.33333333333,0,0,FALSE,-2.8571,140.625,0.0186520628089888,0.0192039090909091,0.0181391488687783,0.01725,0.01983
"ind","Indonesian","Atonal",0,106,"Malayo-Sumbawan","Austronesian",0,0,0,TRUE,0.952368,106.875,0.0188544924719101,0.0197468609865471,0.0176746972850679,0.01505,0.02075
"igs","Ingessana","Simple",11.5,34,"Eastern Jebel","Eastern Sudanic",11.5,0,1,FALSE,12.3808,33.75,0.0138461706741573,0.0185574206278027,0.0075663963963964,0.00412,0.02108
"ing","Ingush","Atonal",43.1666666667,45.0833333333,"Nakh","Nakh-Daghestanian",43.1666666667,0,0,FALSE,42.8564,45,0.00694269382022472,0.0110346919282511,0.00311921928251121,0.0018,0.01357
"irx","Iranxe","Atonal",-13,-58,"Iranxe","Iranxe",13,0,0,FALSE,-12.3808,-58.125,0.0159852475280899,0.0189449099099099,0.0105998076233184,0.00603,0.01998
"irq","Iraqw","Simple",-4,35.5,"Southern Cushitic","Afro-Asiatic",4,0,1,FALSE,-4.76184,35.625,0.0116866893258427,0.0147517647058824,0.00897728968609865,0.0079,0.01621
"irr","Irarutu","Atonal",-3,133.5,"South Halmahera - West New Guinea","Austronesian",3,0,0,TRUE,-2.8571,133.125,0.0194282821348315,0.0204113733031674,0.0182438382882883,0.01534,0.02136
"ird","Irish (Donegal)","Atonal",55,-8,"Celtic","Indo-European",55,0,0,FALSE,54.2846,-7.5,0.0068591302247191,0.00871411659192825,0.00530180995475113,0.00358,0.01005
"iso","Isoko","Simple",5.5,6.25,"Edoid","Niger-Congo",5.5,0,1,FALSE,4.76184,5.625,0.0187875437078652,0.0199412107623318,0.0176041153153153,0.01619,0.0217
"iva","Ivatan","Atonal",20.5,122,"Batanic","Austronesian",20.5,0,0,TRUE,19.9997,121.875,0.0185364915730337,0.0208370720720721,0.0156879582959641,0.01273,0.02193
"jak","Jakaltek","Atonal",15.6666666667,-91.6666666667,"Mayan","Mayan",15.6666666667,0,0,FALSE,16.1902,-91.875,0.0149686520224719,0.0173193900452489,0.0121948828054299,0.0102,0.01869
"jpn","Japanese","Simple",37,140,"Japanese","Japanese",37,0,1,FALSE,37.1423,140.625,0.00963149966292135,0.0165375497757848,0.00428184684684685,0.0032,0.01979
"jpr","Japreria","Atonal",10.5,-73,"Cariban","Cariban",10.5,0,0,FALSE,10.476,-73.125,0.0170904070786517,0.0189185627802691,0.014164932735426,0.01182,0.01999
"jaq","Jaqaru","Atonal",-13,-76,"Aymaran","Aymaran",13,0,0,FALSE,-12.3808,-76.875,0.00951075224719101,0.0114865527027027,0.00776207207207207,0.00697,0.0142
"jav","Javanese","Atonal",-7,111,"Javanese","Austronesian",7,0,0,TRUE,-6.66657,110.625,0.0184562133707865,0.0192750228310502,0.0175858814479638,0.01579,0.02026
"jeb","Jebero","Atonal",-5.41666666667,-76.5,"Cahuapanan","Cahuapanan",5.41666666667,0,0,FALSE,-4.76184,-76.875,0.0157821342696629,0.0171513452914798,0.0141875653153153,0.01236,0.01812
"jeh","Jeh","Atonal",15.1666666667,107.833333333,"Bahnaric","Austro-Asiatic",15.1666666667,0,0,FALSE,14.2855,108.75,0.0166484682022472,0.0190081067873303,0.0137972874439462,0.01127,0.02052
"jng","Jingpho","Complex",25.4166666667,97,"Brahmaputran","Sino-Tibetan",25.4166666667,1,1,FALSE,25.7139,97.5,0.0122411108988764,0.0172996215246637,0.00686531126126126,0.00537,0.01867
"jom","Jomang","Simple",10.5833333333,30.5,"Talodi","Kordofanian",10.5833333333,0,1,FALSE,10.476,30,0.0135806888764045,0.0187292337837838,0.0058104932735426,0.00201,0.02052
"juh","Ju|'hoan","Complex",-19,21,"Ju-Kung","Kxa",19,1,1,FALSE,-18.095,20.625,0.00914583719101124,0.015183701793722,0.00466372590909091,0.00342,0.01799
"kab","Kabardian","Atonal",43.5,43.5,"Northwest Caucasian","Northwest Caucasian",43.5,0,0,FALSE,42.8564,43.125,0.00697754775280899,0.0118307040540541,0.00319179372197309,0.00181,0.0147
"kad","Kadugli","Complex",11,29.6666666667,"Kadugli","Kadu",11,1,1,FALSE,10.476,30,0.0135806888764045,0.0187292337837838,0.0058104932735426,0.00201,0.02052
"kng","Kaingang","Atonal",-26,-52,"Je Meridional","Macro-Ge",26,0,0,FALSE,-25.7139,-52.5,0.0128756969662921,0.0160682919282511,0.00949426981981982,0.0071,0.01811
"kly","Kala Lagaw Ya","Atonal",-10.1166666667,142.116666667,"Northern Pama-Nyungan","Pama-Nyungan",10.1166666667,0,0,TRUE,-10.476,142.5,0.0190230560674157,0.0209168918918919,0.0167805779279279,0.01443,0.02204
"kal","Kalami","Simple",35.5,72.5,"Indic","Indo-European",35.5,0,1,FALSE,35.2375,73.125,0.00528868348314607,0.00836891590909091,0.00292054054054054,0.00211,0.01277
"kgu","Kalkatungu","Atonal",-21,139.5,"Northern Pama-Nyungan","Pama-Nyungan",21,0,0,TRUE,-21.9044,138.75,0.00668180393258427,0.0110836936936937,0.00385350495495496,0.0025984,0.01933
"knk","Kanakuru","Simple",10,12,"West Chadic","Afro-Asiatic",10,0,1,FALSE,10.476,11.25,0.012073461011236,0.0179725475336323,0.0043342600896861,0.00183,0.01956
"knd","Kannada","Atonal",14,76,"Dravidian","Dravidian",14,0,0,FALSE,14.2855,76.875,0.0132097841573034,0.0171020337837838,0.00901868778280543,0.00647,0.01847
"knr","Kanuri","Simple",12,13,"Western Saharan","Saharan",12,0,1,FALSE,12.3808,13.125,0.0100562947191011,0.0180315608108108,0.00314076576576577,0.00159,0.02117
"ksg","Karen (Sgaw)","Complex",18,97,"Karen","Sino-Tibetan",18,1,1,FALSE,18.095,97.5,0.0147494686516854,0.019244477027027,0.00859599099099099,0.00558,0.02035
"krk","Karok","Simple",41.6666666667,-123,"Karok","Hokan",41.6666666667,0,1,FALSE,40.9517,-123.75,0.00691148348314607,0.00815518648648649,0.00569116803652968,0.00467,0.00964
"kas","Kashmiri","Atonal",34,76,"Indic","Indo-European",34,0,0,FALSE,33.3328,76.875,0.00496194685393258,0.00864441210762332,0.00243390134529148,0.00184,0.01157
"kws","Kawaiisu","Atonal",36,-117.5,"Northern Uto-Aztecan","Uto-Aztecan",36,0,0,FALSE,35.2375,-118.125,0.00555330191011236,0.00717581538461538,0.00402969819004525,0.00262,0.0096
"kyl","Kayah Li (Eastern)","Complex",19,97.5,"Karen","Sino-Tibetan",19,1,1,FALSE,18.095,97.5,0.0147494686516854,0.019244477027027,0.00859599099099099,0.00558,0.02035
"kay","Kayardild","Atonal",-17.05,139.5,"Tangkic","Tangkic",17.05,0,0,FALSE,-16.1902,138.75,0.0172146461797753,0.0211028378378378,0.012734765470852,0.01051,0.02303
"ked","Kedang","Atonal",-8.25,123.75,"Central Malayo-Polynesian","Austronesian",8.25,0,0,TRUE,-8.57131,123.75,0.0180740547191011,0.0194358113122172,0.016375332735426,0.01417,0.0204
"kef","Kefa","Simple",7.25,36.25,"Ta-Ne-Omotic","Afro-Asiatic",7.25,0,1,FALSE,6.66657,35.625,0.013864627752809,0.015618422972973,0.0110552914798206,0.00771,0.01712
"ker","Kera","Complex",9.83333333333,15.0833333333,"East Chadic","Afro-Asiatic",9.83333333333,1,1,FALSE,10.476,15,0.01202963,0.0186984843049327,0.00412255605381166,0.00207,0.02059
"ket","Ket","Atonal",64,87,"Yeniseian","Yeniseian",64,0,0,FALSE,63.8079,86.25,0.00397830280898876,0.00915011614349776,0.00082817963800905,0.00026,0.0143
"kew","Kewa","Simple",-6.5,143.833333333,"Enga_Kewa-Huli","Trans-New Guinea",6.5,0,1,TRUE,-6.66657,144.375,0.0166033971910112,0.01765389543379,0.0151630282511211,0.0111,0.01847
"kha","Khalkha","Atonal",47,105,"Mongolic","Altaic",47,0,0,FALSE,46.6658,105,0.00392043539325843,0.0075506596412556,0.0011324665158371,0.00049,0.01095
"kty","Khanty","Atonal",65,65,"Ugric","Uralic",65,0,0,FALSE,65.7125,65.625,0.0034990308988764,0.00764637085201794,0.000857070776255708,0.00036,0.01153
"khr","Kharia","Atonal",22.5,84.3333333333,"Munda","Austro-Asiatic",22.5,0,0,FALSE,21.9044,84.375,0.0117963365168539,0.0192660340807175,0.00590288288288288,0.00398,0.02066
"khs","Khasi","Atonal",25.5,92,"Khasian","Austro-Asiatic",25.5,0,0,FALSE,25.7139,91.875,0.0131462138202247,0.0189111117117117,0.00689702702702703,0.00531,0.0202
"khm","Khmer","Atonal",12.5,105,"Khmer","Austro-Asiatic",12.5,0,0,FALSE,12.3808,105,0.0175200012359551,0.0201207457399103,0.0134679372197309,0.01029,0.02145
"kmu","Khmu'","Simple",21,102,"Khmuic","Austro-Asiatic",21,0,1,FALSE,21.9044,101.25,0.0129478012359551,0.0173687049327354,0.00786139013452915,0.00446,0.0182
"klv","Kilivila","Atonal",-8.5,151.083333333,"Oceanic","Austronesian",8.5,0,0,TRUE,-8.57131,151.875,0.0192819657303371,0.0200740092165899,0.0184753161434978,0.01634,0.02101
"kio","Kiowa","Simple",37,-99,"Kiowa-Tanoan","Kiowa-Tanoan",37,0,1,FALSE,37.1423,-99.375,0.00773903853932584,0.0131455256756757,0.00340499054054054,0.00216,0.01822
"kgz","Kirghiz","Atonal",42,75,"Turkic","Altaic",42,0,0,FALSE,42.8564,75,0.00458638325842697,0.00685111764705882,0.0024886130044843,0.00144,0.00908
"krb","Kiribati","Atonal",1.33333333333,173,"Oceanic","Austronesian",1.33333333333,0,0,TRUE,0.952368,172.5,0.0191799908988764,0.0200324545454545,0.0184083475336323,0.01746,0.02114
"kss","Kisi (Southern)","Simple",8.5,-10.25,"Southern Mel","Niger-Congo",8.5,0,1,FALSE,8.57131,-9.375,0.015776381011236,0.0182222869955157,0.0116269955156951,0.00577,0.01993
"kiw","Kiwai (Southern)","Simple",-8,143.5,"Kiwaian","Trans-New Guinea",8,0,1,TRUE,-8.57131,144.375,0.0179663558426966,0.0191641627802691,0.0164160617117117,0.0142,0.02002
"klm","Klamath","Atonal",42.5,-121.5,"Klamath-Modoc","Penutian",42.5,0,0,FALSE,42.8564,-121.875,0.00523582775280899,0.00684964594594595,0.00386823587443946,0.00302,0.00905
"kla","Klao","Complex",4.75,-8.75,"Kru","Niger-Congo",4.75,1,1,FALSE,4.76184,-9.375,0.018183821011236,0.019509865470852,0.0168626315315315,0.01556,0.02076
"koa","Koasati","Complex",34.8333333333,-85.1666666667,"Muskogean","Muskogean",34.8333333333,1,1,FALSE,35.2375,-84.375,0.0099768511235955,0.0162185545045045,0.004837766367713,0.00237,0.01893
"kob","Kobon","Atonal",-5.16666666667,144.333333333,"Kalam-Kobon","Trans-New Guinea",5.16666666667,0,0,TRUE,-4.76184,144.375,0.0173397648314607,0.0181741522727273,0.0162408071748879,0.01223,0.01899
"koh","Kohumono","Complex",6,8.11666666667,"Upper Cross","Niger-Congo",6,1,1,FALSE,6.66657,7.5,0.0171527351685393,0.0186883181818182,0.0147284304932735,0.00692,0.0205
"koi","Koiari","Simple",-9.5,147.333333333,"Koiarian","Trans-New Guinea",9.5,0,1,TRUE,-8.57131,148.125,0.0177525504494382,0.0192844433789954,0.0157570869955157,0.01302,0.02006
"kzy","Komi-Zyrian","Atonal",65,55,"Permic","Uralic",65,0,0,FALSE,65.7125,54.375,0.00411413516853933,0.0085061735426009,0.00120872242152466,0.00051,0.01345
"kom","Komo","Complex",8.75,33.75,"Koman","Koman",8.75,1,1,FALSE,8.57131,33.75,0.0150556574157303,0.0176172426008969,0.010622331838565,0.00601,0.01896
"kkn","Konkani","Atonal",15.25,74,"Indic","Indo-European",15.25,0,0,FALSE,16.1902,73.125,0.0178073046067416,0.0198843406392694,0.0153285585585586,0.01364,0.02138
"kgi","Konyagi","Simple",12.5,-13.25,"Tenda","Niger-Congo",12.5,0,1,FALSE,12.3808,-13.125,0.0116444268539326,0.0190151740909091,0.00424286995515695,0.00186,0.02071
"kor","Korean","Atonal",37.5,128,"Korean","Korean",37.5,0,0,FALSE,37.1423,127.5,0.00876724033707865,0.0159487390134529,0.00344317443946188,0.00241,0.01946
"kfe","Koromfe","Atonal",14.25,-0.916666666667,"Koromfe","Niger-Congo",14.25,0,0,FALSE,14.2855,0,0.00945366235955056,0.0176039421524664,0.00306896860986547,0.00125,0.02124
"kry","Koryak","Atonal",61,167,"Northern Chukotko-Kamchatkan","Chukotko-Kamchatkan",61,0,0,FALSE,61.9033,166.875,0.00346166280898876,0.00714415919282511,0.00105803424657534,0.00041,0.00995
"kot","Kota","Atonal",11.5,77.1666666667,"Dravidian","Dravidian",11.5,0,0,FALSE,12.3808,76.875,0.0141329437078652,0.0169106547511312,0.010487533632287,0.00817,0.01827
"ktk","Kotoko","Simple",11.3333333333,15.3333333333,"Biu-Mandara","Afro-Asiatic",11.3333333333,0,1,FALSE,10.476,15,0.01202963,0.0186984843049327,0.00412255605381166,0.00207,0.02059
"koy","Koya","Atonal",17.5,81.3333333333,"Dravidian","Dravidian",17.5,0,0,FALSE,18.095,80.625,0.0129070237078652,0.0187244085201794,0.00830434977578475,0.00622,0.02123
"kch","Koyra Chiini","Atonal",17,-3,"Songhay","Songhay",17,0,0,FALSE,16.1902,-3.75,0.00738012483146067,0.014515172972973,0.00284161434977578,0.0013,0.01955
"kpa","Kpan","Complex",7.58333333333,10.1666666667,"Jukunoid","Niger-Congo",7.58333333333,1,1,FALSE,6.66657,9.375,0.016066198988764,0.0180069545454545,0.0127758108108108,0.00519,0.01976
"kpe","Kpelle","Complex",7,-10,"Western Mande","Mande",7,1,1,FALSE,6.66657,-9.375,0.0177571891011236,0.0190765765765766,0.0162371582959641,0.01148,0.02074
"kro","Krongo","Simple",10.5,30,"Kadugli","Kadu",10.5,0,1,FALSE,10.476,30,0.0135806888764045,0.0187292337837838,0.0058104932735426,0.00201,0.02052
"kya","Kuku-Yalanji","Atonal",-16,145,"Northern Pama-Nyungan","Pama-Nyungan",16,0,0,TRUE,-16.1902,144.375,0.01470355,0.0191078828828829,0.0109769477477477,0.00891,0.02103
"kul","Kullo","Simple",6.75,37.0833333333,"Ta-Ne-Omotic","Afro-Asiatic",6.75,0,1,FALSE,6.66657,37.5,0.0120574313483146,0.0137266811659193,0.00947531531531532,0.00551,0.01493
"kun","Kuna","Atonal",8,-77.3333333333,"Kuna","Chibchan",8,0,0,FALSE,8.57131,-76.875,0.0194625980898876,0.0203900321266968,0.0183660550458716,0.01565,0.0215
"knm","Kunama","Simple",14.5,37,"Kunama","Kunama",14.5,0,1,FALSE,14.2855,37.5,0.0110009666292135,0.0151709860986547,0.0073363963963964,0.00522,0.01727
"kmp","Kunimaipa","Atonal",-8,146.833333333,"Core Goilalan","Trans-New Guinea",8,0,0,TRUE,-8.57131,146.25,0.017333394494382,0.0184777813636364,0.0157946766816143,0.01369,0.01921
"krd","Kurdish (Central)","Atonal",36,44,"Iranian","Indo-European",36,0,0,FALSE,35.2375,43.125,0.00723579764044944,0.00928763721973094,0.00534361040723982,0.00375,0.01231
"kut","Kutenai","Atonal",49.5,-116,"Kutenai","Kutenai",49.5,0,0,FALSE,48.5705,-116.25,0.00510096123595506,0.00784663228699552,0.00283234234234234,0.00169,0.01145
"kwa","Kwaio","Atonal",-8.95,161,"Oceanic","Austronesian",8.95,0,0,TRUE,-8.57131,161.25,0.0191884043820225,0.0199706756756757,0.0184294777272727,0.01702,0.02089
"kwk","Kwakw'ala","Atonal",51,-127,"Northern Wakashan","Wakashan",51,0,0,FALSE,50.4752,-127.5,0.0063166308988764,0.00838377040358744,0.00466486486486486,0.00302,0.00976
"lad","Ladakhi","Atonal",34,78,"Bodic","Sino-Tibetan",34,0,0,FALSE,33.3328,78.75,0.00295768348314607,0.00600091121076233,0.00104739910313901,0.00066,0.00847
"lah","Lahu","Complex",20,98.1666666667,"Burmese-Lolo","Sino-Tibetan",20,1,1,FALSE,19.9997,97.5,0.0137088870786517,0.018714134529148,0.00707067264573991,0.00399,0.01967
"lak","Lak","Atonal",42.1666666667,47.1666666667,"Lak","Nakh-Daghestanian",42.1666666667,0,0,FALSE,42.8564,46.875,0.0067356295505618,0.00984225855855856,0.00352331126126126,0.00229,0.01197
"lkt","Lakhota","Atonal",43.8333333333,-101.833333333,"Mississippi Valley Siouan","Siouan",43.8333333333,0,0,FALSE,44.7611,-101.25,0.00587943988764045,0.0106212139013453,0.00246289103139013,0.00129,0.01455
"lkk","Lakkia","Complex",24.0833333333,110.166666667,"Kadai","Tai-Kadai",24.0833333333,1,1,FALSE,23.8092,110.625,0.0138620920224719,0.0200874147982063,0.00673912421524664,0.00297,0.02136
"lam","Lamé","Complex",9,14.5,"Masa","Afro-Asiatic",9,1,1,FALSE,8.57131,15,0.0133388695505618,0.0180548430493274,0.00584995515695067,0.00176,0.01975
"lan","Lango","Simple",2.16666666667,33,"Western Nilotic","Eastern Sudanic",2.16666666667,0,1,FALSE,2.8571,33.75,0.0142634394382022,0.0162998343891403,0.0108404054054054,0.00665,0.0177
"lat","Latvian","Simple",57,24,"Baltic","Indo-European",57,0,1,FALSE,56.1893,24.375,0.00581437966292135,0.00952311748878924,0.00268749551569507,0.00136,0.01276
"lav","Lavukaleve","Atonal",-9.08333333333,159.2,"Lavukaleve","Solomons East Papuan",9.08333333333,0,0,FALSE,-8.57131,159.375,0.0191994852808989,0.0199426818181818,0.0184722577272727,0.0168,0.02078
"llm","Lelemi","Simple",7.33333333333,0.5,"Na-Togo","Niger-Congo",7.33333333333,0,1,FALSE,6.66657,0,0.0176972452808989,0.019084932735426,0.0158670865470852,0.00829,0.02063
"len","Lenakel","Atonal",-19.45,169.25,"Oceanic","Austronesian",19.45,0,0,TRUE,-19.9997,168.75,0.0163104484269663,0.018986742081448,0.0136931780269058,0.01191,0.02082
"lez","Lezgian","Atonal",41.6666666667,47.8333333333,"Lezgic","Nakh-Daghestanian",41.6666666667,0,0,FALSE,40.9517,48.75,0.00751785247191011,0.0104595708520179,0.00448143497757848,0.00329,0.01277
"lua","Lua","Complex",9.75,17.75,"Bua","Niger-Congo",9.75,1,1,FALSE,10.476,16.875,0.0125796951685393,0.0190258995515695,0.00452022421524664,0.00195,0.02063
"lug","Lugbara","Complex",3.08333333333,30.9166666667,"Moru-Ma'di","Central Sudanic",3.08333333333,1,1,FALSE,2.8571,30,0.0154942929213483,0.0165893954954955,0.0140138432432432,0.00896,0.01782
"lui","Luiseño","Atonal",33.3333333333,-117.166666667,"Northern Uto-Aztecan","Uto-Aztecan",33.3333333333,0,0,FALSE,33.3328,-116.25,0.00645575674157303,0.00843134304932735,0.0047247134529148,0.00342,0.01128
"luo","Luo","Simple",-0.5,34.75,"Western Nilotic","Eastern Sudanic",0.5,0,1,FALSE,-0.952368,35.625,0.0113316740449438,0.0134466063348416,0.00931895203619909,0.00773,0.01477
"lus","Lushootseed","Atonal",48,-122,"Central Salish","Salishan",48,0,0,FALSE,48.5705,-121.875,0.00579803674157303,0.00801619774774775,0.0036927802690583,0.00235,0.00948
"kkv","Lusi","Atonal",-5.58333333333,149.666666667,"Oceanic","Austronesian",5.58333333333,0,0,TRUE,-4.76184,150,0.0192206556179775,0.0200304090909091,0.0183489279279279,0.01654,0.02082
"luv","Luvale","Simple",-12,22,"Bantu","Niger-Congo",12,0,1,FALSE,-12.3808,22.5,0.0117774106741573,0.0164055322869955,0.00602665291479821,0.0043,0.01763
"lu","Lü","Complex",22,100.666666667,"Kam-Tai","Tai-Kadai",22,1,1,FALSE,21.9044,101.25,0.0129478012359551,0.0173687049327354,0.00786139013452915,0.00446,0.0182
"mya","Ma'ya","Complex",-1.25,130.916666667,"South Halmahera - West New Guinea","Austronesian",1.25,1,1,TRUE,-0.952368,131.25,0.0191422578651685,0.0198243705882353,0.0184643119266055,0.01717,0.02085
"maa","Maasai","Simple",-3,36,"Eastern Nilotic","Eastern Sudanic",3,0,1,FALSE,-2.8571,35.625,0.0113001630337079,0.0140721076233184,0.00860196771300448,0.00748,0.01554
"mab","Maba","Simple",13.75,20.8333333333,"Maban","Maban",13.75,0,1,FALSE,14.2855,20.625,0.00846826820224719,0.0157331443946188,0.00314198198198198,0.00163,0.019564
"mne","Maidu (Northeast)","Atonal",40,-120.666666667,"Maiduan","Penutian",40,0,0,FALSE,40.9517,-120,0.00465059314606742,0.00622371031390135,0.0032896407239819,0.0023,0.00877
"mak","Makah","Atonal",48.3333333333,-124.666666667,"Southern Wakashan","Wakashan",48.3333333333,0,0,FALSE,48.5705,-123.75,0.00618863853932584,0.00824233497757848,0.00428306306306306,0.00274,0.0095
"mal","Malagasy","Atonal",-20,47,"Barito","Austronesian",20,0,0,TRUE,-19.9997,46.875,0.0131566093258427,0.0168702704035874,0.00939483198198198,0.00833,0.01847
"mlk","Malakmalak","Atonal",-13.4166666667,130.416666667,"Northern Daly","Northern Daly",13.4166666667,0,0,FALSE,-14.2855,131.25,0.0142255266292135,0.0207058744394619,0.00741543063063063,0.00446,0.02235
"mla","Mambila","Complex",6.75,11.5,"Mambiloid","Niger-Congo",6.75,1,1,FALSE,6.66657,11.25,0.0147666160674157,0.0171151801801802,0.0105210313901345,0.00376,0.01882
"mnd","Mandarin","Complex",34,110,"Chinese","Sino-Tibetan",34,1,1,FALSE,33.3328,110.625,0.00877971314606741,0.0164320174887892,0.00273336322869955,0.00151,0.02
"myi","Mangarrayi","Atonal",-14.6666666667,133.5,"Mangarrayi","Mangarrayi-Maran",14.6666666667,0,0,FALSE,-14.2855,133.125,0.0131472785393258,0.0198185650224215,0.00680922702702703,0.00385,0.02181
"mgg","Mangghuer","Atonal",36,102,"Mongolic","Altaic",36,0,0,FALSE,35.2375,101.25,0.00500185247191011,0.00947530045045045,0.00149246860986547,0.00095,0.01215
"mao","Maori","Atonal",-40,176,"Oceanic","Austronesian",40,0,0,TRUE,-40.9517,176.25,0.0083151108988764,0.0101017117117117,0.00680772466367713,0.0057,0.01186
"map","Mapudungun","Atonal",-38,-72,"Araucanian","Araucanian",38,0,0,FALSE,-37.1423,-71.25,0.00551388438202247,0.00653337085201794,0.00438031818181818,0.00352,0.00859
"mrn","Maranao","Atonal",7.83333333333,124.25,"Greater Central Philippine","Austronesian",7.83333333333,0,0,TRUE,8.57131,123.75,0.0184861765168539,0.0191839819004525,0.0176891459459459,0.01656,0.02028
"mku","Maranungku","Atonal",-13.6666666667,130,"Wagaydy","Western Daly",13.6666666667,0,0,FALSE,-14.2855,129.375,0.0175124250561798,0.021139730941704,0.0126262632286996,0.00981,0.0225
"mrg","Margi","Simple",11,13,"Biu-Mandara","Afro-Asiatic",11,0,1,FALSE,10.476,13.125,0.0118219540449438,0.0183951878378378,0.00382977578475336,0.00157,0.02013
"mar","Maricopa","Atonal",33.1666666667,-113.166666667,"Yuman","Hokan",33.1666666667,0,0,FALSE,33.3328,-112.5,0.00524173606741573,0.00767485515695067,0.00348348823529412,0.00217,0.01364
"mrd","Marind","Atonal",-7.83333333333,140.166666667,"Marind-Yaqay","Trans-New Guinea",7.83333333333,0,0,TRUE,-8.57131,140.625,0.0196385464044944,0.0210550067567568,0.0178986583710407,0.01573,0.02217
"mrt","Martuthunira","Atonal",-20.8333333333,116.5,"Western Pama-Nyungan","Pama-Nyungan",20.8333333333,0,0,TRUE,-19.9997,116.25,0.0157996052808989,0.0198654954954955,0.012058435426009,0.01025,0.02149
"mau","Maung","Atonal",-11.9166666667,133.5,"Iwaidjan","Iwaidjan",11.9166666667,0,0,FALSE,-12.3808,133.125,0.015535918988764,0.0206333783783784,0.0103011202702703,0.00796,0.02212
"max","Maxakalí","Atonal",-18,-40,"Maxakalian","Macro-Ge",18,0,0,FALSE,-18.095,-39.375,0.0162415958426966,0.0180082013513514,0.014311298206278,0.01298,0.01929
"may","Maybrat","Atonal",-1.33333333333,132.5,"Maybrat","Maybrat",1.33333333333,0,0,FALSE,-0.952368,133.125,0.0193178659550562,0.0202317194570136,0.0182940228699552,0.01526,0.02122
"maz","Mazahua","Simple",19.4166666667,-99.9166666667,"Otomian","Oto-Manguean",19.4166666667,0,1,FALSE,19.9997,-99.375,0.0119545140449438,0.0144134237668161,0.00932300769230769,0.00702,0.0158
"mzc","Mazatec (Chiquihuitlán)","Complex",17.75,-96.9166666667,"Popolocan","Oto-Manguean",17.75,1,1,FALSE,18.095,-97.5,0.013638118988764,0.01581943632287,0.0111917035874439,0.00972,0.01743
"mba","Mba","Complex",1,25,"Ubangi","Niger-Congo",1,1,1,FALSE,0.952368,24.375,0.0180746362921348,0.0189439910313901,0.0172204466367713,0.01474,0.02019
"mbb","Mbabaram","Atonal",-17.1666666667,145,"Northern Pama-Nyungan","Pama-Nyungan",17.1666666667,0,0,TRUE,-18.095,144.375,0.0126902753932584,0.0178175784753363,0.00855999641255605,0.00665,0.02024
"mbm","Mbum","Simple",7.75,13.1666666667,"Mbumic","Niger-Congo",7.75,0,1,FALSE,8.57131,13.125,0.0130246461797753,0.017617802690583,0.00549520179372197,0.00147,0.01959
"mei","Meithei","Simple",24.75,94,"Manipuri","Sino-Tibetan",24.75,0,1,FALSE,23.8092,93.75,0.0128719935955056,0.0191369513513514,0.00563941441441441,0.0037,0.02015
"mie","Mien","Complex",25,111,"Mienic","Hmong-Mien",25,1,1,FALSE,25.7139,110.625,0.0131295621348315,0.0193938488789238,0.00636630585585586,0.00328,0.02076
"hok","Min (Southern)","Complex",25,118,"Chinese","Sino-Tibetan",25,1,1,FALSE,25.7139,118.125,0.0134502785393258,0.0195895780269058,0.00722578609865471,0.00389,0.02128
"mss","Miwok (Southern Sierra)","Atonal",37.5,-120,"Miwok","Penutian",37.5,0,0,FALSE,37.1423,-120,0.0057549297752809,0.00728264932126697,0.00431674843049327,0.00294,0.01044
"mtp","Mixe (Totontepec)","Atonal",17.25,-96,"Mixe-Zoque","Mixe-Zoque",17.25,0,0,FALSE,18.095,-95.625,0.0152417904494382,0.0179343398190045,0.0123218427927928,0.01064,0.01929
"mxc","Mixtec (Chalcatongo)","Complex",17.05,-97.5833333333,"Mixtec","Oto-Manguean",17.05,1,1,FALSE,16.1902,-97.5,0.0158599935955056,0.018066625,0.0133325310810811,0.01117,0.01957
"mxm","Mixtec (Molinos)","Complex",17,-97.5833333333,"Mixtec","Oto-Manguean",17,1,1,FALSE,16.1902,-97.5,0.0158599935955056,0.018066625,0.0133325310810811,0.01117,0.01957
"mog","Moghol","Atonal",35,62,"Mongolic","Altaic",35,0,0,FALSE,35.2375,61.875,0.00454443179775281,0.00569902152466368,0.00336529147982063,0.00192,0.00737
"mor","Mor","Simple",-2.95,135.75,"South Halmahera - West New Guinea","Austronesian",2.95,0,1,TRUE,-2.8571,135,0.0186418682022472,0.0193800665158371,0.0179496860986547,0.01672,0.02034
"mro","Moro","Simple",11,30.1666666667,"Heiban","Kordofanian",11,0,1,FALSE,10.476,30,0.0135806888764045,0.0187292337837838,0.0058104932735426,0.00201,0.02052
"mov","Movima","Atonal",-13.8333333333,-65.6666666667,"Movima","Movima",13.8333333333,0,0,FALSE,-14.2855,-65.625,0.0166914201123596,0.0191587443946188,0.0139560479820628,0.01107,0.02104
"mui","Muinane","Simple",-1,-72.5,"Boran","Boran",1,0,1,FALSE,-0.952368,-73.125,0.0183976726966292,0.0194368325791855,0.0171876463636364,0.01556,0.02068
"mum","Mumuye","Complex",9,11.6666666667,"Mumuye-Yandang","Niger-Congo",9,1,1,FALSE,8.57131,11.25,0.0136681666292135,0.0177140990990991,0.00673461883408072,0.00154,0.01952
"mun","Mundari","Atonal",23,84.6666666667,"Munda","Austro-Asiatic",23,0,0,FALSE,23.8092,84.375,0.0113045603370787,0.0198701237668161,0.00457941441441441,0.00287,0.02218
"mrl","Murle","Simple",6.5,33.5,"South Surmic","Eastern Sudanic",6.5,0,1,FALSE,6.66657,33.75,0.0153984902247191,0.0176290756756757,0.0115458744394619,0.00763,0.01896
"mpa","Murrinh-Patha","Atonal",-14.6666666667,129.666666667,"Murrinh-Patha","Southern Daly",14.6666666667,0,0,FALSE,-14.2855,129.375,0.0175124250561798,0.021139730941704,0.0126262632286996,0.00981,0.0225
"nhn","Nahuatl (North Puebla)","Atonal",20,-98.25,"Aztecan","Uto-Aztecan",20,0,0,FALSE,19.9997,-97.5,0.0145566830337079,0.0167493789237668,0.012060736199095,0.01041,0.01801
"nht","Nahuatl (Tetelcingo)","Atonal",19.6666666667,-99,"Aztecan","Uto-Aztecan",19.6666666667,0,0,FALSE,19.9997,-99.375,0.0119545140449438,0.0144134237668161,0.00932300769230769,0.00702,0.0158
"kho","Nama","Complex",-25.5,18,"Khoe-Kwadi","Khoe-Kwadi",25.5,1,1,FALSE,-25.7139,18.75,0.00507553471910112,0.00794982735426009,0.00310935784753363,0.00207,0.01274
"nmb","Nambikuára (Southern)","Complex",-14,-59.5,"Nambikuaran","Nambikuaran",14,1,1,FALSE,-14.2855,-60,0.0150981926966292,0.0186372197309417,0.00970689461883408,0.00648,0.01998
"nai","Nanai","Atonal",49.5,137,"Tungusic","Altaic",49.5,0,0,FALSE,48.5705,136.875,0.00548780348314607,0.0118681860986547,0.000924056950672646,0.00041,0.01619
"nnc","Nancowry","Atonal",8.05,93.5,"Nicobarese","Austro-Asiatic",8.05,0,0,FALSE,8.57131,93.75,0.0190577778651685,0.0200814247747748,0.0179198148648649,0.01566,0.0216
"nan","Nandi","Simple",0.25,35,"Eastern Nilotic","Eastern Sudanic",0.25,0,1,FALSE,0.952368,35.625,0.0121657437078652,0.0140768914414414,0.0100983333333333,0.00716,0.01585
"nar","Nara (in Ethiopia)","Simple",15.0833333333,37.5833333333,"Nara","Eastern Sudanic",15.0833333333,0,1,FALSE,14.2855,37.5,0.0110009666292135,0.0151709860986547,0.0073363963963964,0.00522,0.01727
"nav","Navajo","Simple",36.1666666667,-108,"Athapaskan","Na-Dene",36.1666666667,0,1,FALSE,35.2375,-108.75,0.00486076797752809,0.00721440315315315,0.00327252916666667,0.0023,0.0129
"nax","Naxi","Complex",27.5,100,"Na-Qiangic","Sino-Tibetan",27.5,1,1,FALSE,27.6186,99.375,0.00799716528089888,0.0125435085201794,0.00389525900900901,0.00294,0.01381
"ndt","Ndut","Complex",14.9166666667,-16.9166666667,"Cangin","Niger-Congo",14.9166666667,1,1,FALSE,14.2855,-16.875,0.0150656803370787,0.0192741152466368,0.011122869955157,0.00918,0.02064
"ndy","Ndyuka","Simple",4.5,-54.5,"Creoles and Pidgins","other",4.5,0,1,FALSE,4.76184,-54.375,0.0178630682022472,0.0188724886877828,0.0166693504504505,0.0143,0.01991
"ntu","Nenets","Atonal",70,76,"Samoyedic","Uralic",70,0,0,FALSE,69.5217,76.875,0.00292920797752809,0.00653427937219731,0.000618773181818182,2e-04,0.01067
"nap","Neo-Aramaic (Persian Azerbaijan)","Atonal",38,47,"Semitic","Afro-Asiatic",38,0,0,FALSE,37.1423,46.875,0.00617748617977528,0.00889739234234234,0.00336835470852018,0.00217,0.01128
"nep","Nepali","Atonal",28,85,"Indic","Indo-European",28,0,0,FALSE,27.6186,84.375,0.00970536123595506,0.016258981981982,0.00488339366515837,0.00387,0.01819
"new","Newari (Kathmandu)","Atonal",27.6666666667,85.5,"Himalayish","Sino-Tibetan",27.6666666667,0,0,FALSE,27.6186,86.25,0.0085153702247191,0.0142765919282511,0.00415067567567568,0.00279,0.01618
"nez","Nez Perce","Atonal",46,-116,"Sahaptian","Penutian",46,0,0,FALSE,46.6658,-116.25,0.00538411449438202,0.00800385675675676,0.00328364864864865,0.00222,0.01164
"nga","Nganasan","Atonal",71,93,"Samoyedic","Uralic",71,0,0,FALSE,71.4262,93.75,0.00260430820224719,0.00630367130044843,0.000424904954954955,0.00012,0.01132
"nti","Ngiti","Complex",1.33333333333,30.25,"Lendu","Central Sudanic",1.33333333333,1,1,FALSE,0.952368,30,0.0153719774157303,0.0162530275229358,0.0144361914798206,0.01192,0.0177
"ngi","Ngiyambaa","Atonal",-31.75,145.5,"Southeastern Pama-Nyungan","Pama-Nyungan",31.75,0,0,TRUE,-31.4281,146.25,0.00713990460674157,0.0100573094170404,0.0051622602739726,0.00437,0.01507
"ngz","Ngizim","Simple",12.0833333333,10.9166666667,"West Chadic","Afro-Asiatic",12.0833333333,0,1,FALSE,12.3808,11.25,0.0102695369662921,0.0179047085585586,0.0032918018018018,0.00149,0.02057
"chu","Nivacle","Atonal",-23.5,-60.5,"Matacoan","Matacoan",23.5,0,0,FALSE,-23.8092,-60,0.0123014704494382,0.0166544283783784,0.00785078190045249,0.00474,0.01928
"niv","Nivkh","Simple",53.3333333333,142,"Nivkh","Nivkh",53.3333333333,0,1,FALSE,54.2846,142.5,0.00418915764044944,0.00783643946188341,0.00141251121076233,0.00045,0.01085
"nko","Nkore-Kiga","Simple",-0.916666666667,29.8333333333,"Bantu","Niger-Congo",0.916666666667,0,1,FALSE,-0.952368,30,0.0141310614606742,0.015246375462963,0.0126448408071749,0.00888,0.01647
"nob","Nobiin","Simple",21,31,"Nubian","Eastern Sudanic",21,0,1,FALSE,21.9044,31.875,0.00448419449438202,0.00620681486486487,0.00302470588235294,0.00192,0.01444
"non","Noni","Complex",6.41666666667,10.5833333333,"Beboid","Niger-Congo",6.41666666667,1,1,FALSE,6.66657,11.25,0.0147666160674157,0.0171151801801802,0.0105210313901345,0.00376,0.01882
"nor","Norwegian","Simple",61,8,"Germanic","Indo-European",61,0,1,FALSE,61.9033,7.5,0.00478475494382022,0.00733577972972973,0.00301193693693694,0.00196,0.00996
"nun","Nung (in Vietnam)","Complex",21.9166666667,106.416666667,"Kam-Tai","Tai-Kadai",21.9166666667,1,1,FALSE,21.9044,106.875,0.0154350398876405,0.0208747721973094,0.00927326771300448,0.00499,0.02241
"nug","Nunggubuyu","Atonal",-13.75,135.666666667,"Nunggubuyu","Gunwinyguan",13.75,0,0,FALSE,-14.2855,135,0.0141185917977528,0.0198631390134529,0.00899482466367713,0.0064453,0.0221
"nuu","Nuuchahnulth","Atonal",49.6666666667,-126.666666667,"Southern Wakashan","Wakashan",49.6666666667,0,0,FALSE,50.4752,-127.5,0.0063166308988764,0.00838377040358744,0.00466486486486486,0.00302,0.00976
"nkt","Nyah Kur (Tha Pong)","Simple",15.6666666667,101.666666667,"Monic","Austro-Asiatic",15.6666666667,0,1,FALSE,16.1902,101.25,0.0164354848314607,0.0199002914414414,0.0111861434977578,0.00732,0.02156
"nyg","Nyangi","Simple",3.41666666667,33.5833333333,"Kuliak","Eastern Sudanic",3.41666666667,0,1,FALSE,2.8571,33.75,0.0142634394382022,0.0162998343891403,0.0108404054054054,0.00665,0.0177
"nyi","Nyimang","Complex",12.1666666667,29.3333333333,"Nyimang","Eastern Sudanic",12.1666666667,1,1,FALSE,12.3808,30,0.0113273670786517,0.0175700748878924,0.00405381165919283,0.00125,0.02001
"nis","Nyishi","Simple",27.5,93.5,"Tani","Sino-Tibetan",27.5,0,1,FALSE,27.6186,93.75,0.011053225505618,0.0160241567567568,0.00602159058295964,0.0042,0.01748
"ood","O'odham","Atonal",32,-112,"Tepiman","Uto-Aztecan",32,0,0,FALSE,31.4281,-112.5,0.00502896438202247,0.00758545426008969,0.0031980454954955,0.0018,0.01262
"oca","Ocaina","Simple",-2.75,-71.75,"Witoto","Witotoan",2.75,0,1,FALSE,-2.8571,-71.25,0.0181917131460674,0.0191141176470588,0.0171531561085973,0.01592,0.02005
"ogb","Ogbia","Simple",4.66666666667,6.25,"Central Delta","Niger-Congo",4.66666666667,0,1,FALSE,4.76184,5.625,0.0187875437078652,0.0199412107623318,0.0176041153153153,0.01619,0.0217
"oji","Ojibwa (Eastern)","Atonal",46,-80,"Algonquian","Algic",46,0,0,FALSE,46.6658,-80.625,0.00569919853932584,0.0104380116591928,0.0017837899543379,0.00091,0.01343
"ond","Oneida","Simple",43,-75.6666666667,"Northern Iroquoian","Iroquoian",43,0,1,FALSE,42.8564,-75,0.00683567853932584,0.0120288044843049,0.00257004504504504,0.00149,0.01499
"orm","Ormuri","Atonal",32.5,69.75,"Iranian","Indo-European",32.5,0,0,FALSE,33.3328,69.375,0.00666555539325843,0.0112204954954955,0.00327022421524664,0.002,0.01604
"orh","Oromo (Harar)","Complex",9,42,"Lowland East Cushitic","Afro-Asiatic",9,1,1,FALSE,8.57131,41.25,0.0114122380898876,0.0143292623318386,0.00796645739910314,0.00527,0.01647
"otm","Otomí (Mezquital)","Simple",20.1666666667,-99.1666666667,"Otomian","Oto-Manguean",20.1666666667,0,1,FALSE,19.9997,-99.375,0.0119545140449438,0.0144134237668161,0.00932300769230769,0.00702,0.0158
"pms","Paamese","Atonal",-16.5,168.25,"Oceanic","Austronesian",16.5,0,0,TRUE,-16.1902,168.75,0.0181382061797753,0.0197456950672646,0.0163811104072398,0.01425,0.02106
"pac","Pacoh","Atonal",16.4166666667,107.083333333,"Katuic","Austro-Asiatic",16.4166666667,0,0,FALSE,16.1902,106.875,0.0169504601123595,0.0195598173515982,0.0134840427927928,0.01063,0.02078
"pai","Paiwan","Atonal",22.5,120.833333333,"Paiwan","Austronesian",22.5,0,0,TRUE,21.9044,120,0.0171108048314607,0.0203121448430493,0.0134847869955157,0.01019,0.02129
"pnr","Panare","Atonal",6.5,-66,"Cariban","Cariban",6.5,0,0,FALSE,6.66657,-65.625,0.0159238843820225,0.0177633484162896,0.0129760089686099,0.0111,0.01911
"puk","Parauk","Atonal",23.25,99.5,"Palaungic","Austro-Asiatic",23.25,0,0,FALSE,23.8092,99.375,0.0116481369662921,0.0168234108108108,0.00608457399103139,0.00374,0.0178
"psh","Pashto","Atonal",33,67,"Iranian","Indo-European",33,0,0,FALSE,33.3328,67.5,0.00383157382022472,0.0064752802690583,0.00184558878923767,0.00077,0.01058
"psm","Passamaquoddy-Maliseet","Simple",45,-67,"Algonquian","Algic",45,0,1,FALSE,44.7611,-67.5,0.00597829426966292,0.0101452744394619,0.00252381165919283,0.0015,0.01253
"pau","Paumarí","Atonal",-6,-64,"Arauan","Arauan",6,0,0,FALSE,-6.66657,-63.75,0.0191023333707865,0.0201684234234234,0.0177532766816144,0.01462,0.02125
"paw","Pawaian","Simple",-7,145.083333333,"Pawaian","Teberan-Pawaian",7,0,1,FALSE,-6.66657,144.375,0.0166033971910112,0.01765389543379,0.0151630282511211,0.0111,0.01847
"pec","Pech","Simple",15,-85.5,"Pech","Chibchan",15,0,1,FALSE,14.2855,-86.25,0.0161689778651685,0.0178398123853211,0.0139145248868778,0.01226,0.01894
"prs","Persian","Atonal",32,54,"Iranian","Indo-European",32,0,0,FALSE,31.4281,54.375,0.00321759764044944,0.00434889730941704,0.00216761928251121,0.00111,0.00639
"phl","Phlong","Complex",15,99,"Karen","Sino-Tibetan",15,1,1,FALSE,14.2855,99.375,0.0171633140449438,0.0200845751131222,0.0126940990990991,0.00973,0.02188
"prh","Pirahã","Simple",-7,-62,"Mura","Mura",7,0,1,FALSE,-6.66657,-61.875,0.0188591517977528,0.0199550230414747,0.0174353959090909,0.01387,0.02091
"pit","Pitjantjatjara","Atonal",-26,130,"Western Pama-Nyungan","Pama-Nyungan",26,0,0,TRUE,-25.7139,129.375,0.00498241696629213,0.00707827040358744,0.00345166318181818,0.0027,0.01243
"poa","Po-Ai","Complex",-20.6666666667,164.833333333,"Oceanic","Austronesian",20.6666666667,1,1,TRUE,-19.9997,165,0.0162349306741573,0.0188965022421525,0.0136130506726457,0.01197,0.02108
"poh","Pohnpeian","Atonal",6.88333333333,158.25,"Oceanic","Austronesian",6.88333333333,0,0,TRUE,6.66657,157.5,0.0194278079775281,0.0200177375565611,0.0187747394366197,0.01796,0.02061
"pol","Polish","Atonal",52,20,"Slavic","Indo-European",52,0,0,FALSE,52.3799,20.625,0.00657442056179775,0.01063703632287,0.00308656278026906,0.00154,0.0141
"pur","Purépecha","Atonal",19.5,-101.666666667,"Tarascan","Tarascan",19.5,0,0,FALSE,19.9997,-101.25,0.0110157180898876,0.0144051210762332,0.00758242152466368,0.00533,0.01602
"pae","Páez","Atonal",2.66666666667,-76,"Páezan","Páezan",2.66666666667,0,0,FALSE,2.8571,-76.875,0.0158650515730337,0.0166038009049774,0.0150513635135135,0.01348,0.01777
"bng","Qaqet","Atonal",-4.58333333333,152,"Baining","Baining",4.58333333333,0,0,FALSE,-4.76184,151.875,0.018774701011236,0.0195427802690583,0.0179260941176471,0.01607,0.02039
"qaw","Qawasqar","Atonal",-49,-75,"Alacalufan","Alacalufan",49,0,0,FALSE,-48.5705,-75,0.00562261247191011,0.00685336322869955,0.00438776036866359,0.00343,0.00786
"qco","Quechua (Cochabamba)","Atonal",-17.5,-66,"Quechuan","Quechuan",17.5,0,0,FALSE,-18.095,-65.625,0.0104984291011236,0.0131174445945946,0.00726554753363229,0.00529,0.01413
"qui","Quileute","Simple",47.9166666667,-124.25,"Chimakuan","Chimakuan",47.9166666667,0,1,FALSE,48.5705,-123.75,0.00618863853932584,0.00824233497757848,0.00428306306306306,0.00274,0.0095
"ram","Rama","Atonal",11.75,-83.75,"Rama","Chibchan",11.75,0,0,FALSE,12.3808,-84.375,0.0171835702247191,0.0184451742081448,0.0154339013452915,0.01357,0.01941
"rap","Rapanui","Atonal",-27.1166666667,-109.366666667,"Oceanic","Austronesian",27.1166666667,0,0,TRUE,-27.6186,-108.75,0.0129999661797753,0.0150520454545455,0.0111643399103139,0.00987,0.01665
"res","Resígaro","Simple",-2.41666666667,-71.5,"Japura-Colombia","Arawakan",2.41666666667,0,1,FALSE,-2.8571,-71.25,0.0181917131460674,0.0191141176470588,0.0171531561085973,0.01592,0.02005
"rom","Romanian","Atonal",46,25,"Romance","Indo-European",46,0,0,FALSE,46.6658,24.375,0.00684719764044944,0.0114311834080717,0.00291816425339366,0.00176,0.01401
"rsc","Romansch (Scharans)","Atonal",46.75,9.5,"Romance","Indo-European",46.75,0,0,FALSE,46.6658,9.375,0.00619939808988764,0.0102742094170404,0.00313748475336323,0.0017,0.01299
"ror","Roro","Atonal",-8.75,146.583333333,"Oceanic","Austronesian",8.75,0,0,TRUE,-8.57131,146.25,0.017333394494382,0.0184777813636364,0.0157946766816143,0.01369,0.01921
"rtk","Rotokas","Atonal",-6,155.166666667,"North Bougainville","North Bougainville",6,0,0,FALSE,-6.66657,155.625,0.0191287616853933,0.0198417937219731,0.0184459414414414,0.01702,0.02075
"ruk","Rukai (Tanan)","Atonal",22.8333333333,120.833333333,"Rukai","Austronesian",22.8333333333,0,0,TRUE,21.9044,120,0.0171108048314607,0.0203121448430493,0.0134847869955157,0.01019,0.02129
"rus","Russian","Atonal",56,38,"Slavic","Indo-European",56,0,0,FALSE,56.1893,37.5,0.00564765786516854,0.0103571565022422,0.0019835472972973,9e-04,0.01452
"rut","Rutul","Simple",41.5,47.4166666667,"Lezgic","Nakh-Daghestanian",41.5,0,1,FALSE,40.9517,46.875,0.00681477292134831,0.00997072272727273,0.00340040134529148,0.00228,0.0128
"scs","Saami (Central-South)","Atonal",64.6666666667,16.75,"Saami","Uralic",64.6666666667,0,0,FALSE,63.8079,16.875,0.00473069966292135,0.0082098331838565,0.00224627272727273,0.0011,0.01122
"sdw","Sandawe","Simple",-5,35,"Sandawe","Sandawe",5,0,1,FALSE,-4.76184,35.625,0.0116866893258427,0.0147517647058824,0.00897728968609865,0.0079,0.01621
"san","Sango","Simple",5,18,"Ubangi","Niger-Congo",5,0,1,FALSE,4.76184,18.75,0.0171548574157303,0.0184601826484018,0.0152121171171171,0.00727,0.01989
"snm","Sanuma","Atonal",4.5,-64.6666666667,"Yanomam","Yanomam",4.5,0,0,FALSE,4.76184,-63.75,0.0151283482022472,0.0164424908675799,0.0132386806306306,0.0112,0.01795
"svs","Savosavo","Atonal",-9.13333333333,159.8,"Savosavo","Solomons East Papuan",9.13333333333,0,0,FALSE,-8.57131,159.375,0.0191994852808989,0.0199426818181818,0.0184722577272727,0.0168,0.02078
"sed","Sedang","Atonal",14.8333333333,108,"Bahnaric","Austro-Asiatic",14.8333333333,0,0,FALSE,14.2855,108.75,0.0166484682022472,0.0190081067873303,0.0137972874439462,0.01127,0.02052
"sel","Selknam","Atonal",-53,-70,"Chonan Proper","Chonan",53,0,0,FALSE,-52.3799,-69.375,0.00510354685393258,0.00643571628959276,0.0037852536036036,0.00297,0.00757
"sml","Semelai","Atonal",3,103,"Aslian","Austro-Asiatic",3,0,0,FALSE,2.8571,103.125,0.0190149180898876,0.0203296396396396,0.0170798502262443,0.01297,0.0214
"snd","Senadi","Complex",9.5,-6.25,"Senufo","Niger-Congo",9.5,1,1,FALSE,8.57131,-5.625,0.0156017882022472,0.0183033372197309,0.0108182062780269,0.00394,0.02
"snc","Seneca","Atonal",42.5,-77.5,"Northern Iroquoian","Iroquoian",42.5,0,0,FALSE,42.8564,-76.875,0.00689164707865169,0.012048399103139,0.00261152466367713,0.00148,0.01489
"sha","Shan","Complex",22,98,"Kam-Tai","Tai-Kadai",22,1,1,FALSE,21.9044,97.5,0.0127602664044944,0.0181228524886878,0.00620567567567568,0.00354,0.01897
"shs","Shasta","Simple",41.8333333333,-122.666666667,"Shasta","Hokan",41.8333333333,0,1,FALSE,40.9517,-121.875,0.00559410280898876,0.00704144414414414,0.00426721883408072,0.00331,0.00921
"shk","Shipibo-Konibo","Atonal",-7.5,-75,"Panoan","Pano-Tacanan",7.5,0,0,FALSE,-6.66657,-75,0.0170440960674157,0.0185198743243243,0.0150831995515695,0.01277,0.01949
"shi","Shiriana","Atonal",3.5,-62.8333333333,"Yanomam","Yanomam",3.5,0,0,FALSE,2.8571,-63.75,0.0166135625842697,0.0175676031390135,0.015443599103139,0.01328,0.01878
"shu","Shuswap","Atonal",52,-120,"Interior Salish","Salishan",52,0,0,FALSE,52.3799,-120,0.00433314415730337,0.00735224708520179,0.00220504504504505,0.00087,0.00986
"sdh","Sindhi","Atonal",26,69,"Indic","Indo-European",26,0,0,FALSE,25.7139,69.375,0.00997617157303371,0.0165964914414414,0.00477614349775785,0.00335,0.02123
"snh","Sinhala","Atonal",7,80.5,"Indic","Indo-European",7,0,0,FALSE,6.66657,80.625,0.0178600659550562,0.0192551795454545,0.0162322072072072,0.01394,0.02114
"srn","Sirionó","Atonal",-15.5833333333,-64,"Maweti-Guarani","Tupian",15.5833333333,0,0,FALSE,-16.1902,-63.75,0.0154878178651685,0.0180817937219731,0.0124144481981982,0.00921,0.02009
"sla","Slave","Simple",67,-125,"Athapaskan","Na-Dene",67,0,1,FALSE,67.6171,-125.625,0.00309095449438202,0.00711570538116592,0.000560437155963303,0.00024,0.01024
"som","Somali","Simple",3,45,"Lowland East Cushitic","Afro-Asiatic",3,0,1,FALSE,2.8571,45,0.0143975976404494,0.015867802690583,0.0131922576576577,0.01214,0.01758
"soq","Soqotri","Atonal",12.5,54,"Semitic","Afro-Asiatic",12.5,0,0,FALSE,12.3808,54.375,0.017572781011236,0.0199686175675676,0.0152996846846847,0.01324,0.02299
"sor","Sora","Atonal",20,84.3333333333,"Munda","Austro-Asiatic",20,0,0,FALSE,19.9997,84.375,0.0151054273033708,0.0207121112107623,0.010097802690583,0.00781,0.02194
"spa","Spanish","Atonal",40,-4,"Romance","Indo-European",40,0,0,FALSE,40.9517,-3.75,0.00658018235955056,0.00938939774774775,0.0041921134529148,0.00271,0.01278
"squ","Squamish","Atonal",49.6666666667,-123.166666667,"Central Salish","Salishan",49.6666666667,0,0,FALSE,50.4752,-123.75,0.0048112295505618,0.00724539506726457,0.00309569506726457,0.00158,0.00964
"sre","Sre","Simple",11.5,108,"Bahnaric","Austro-Asiatic",11.5,0,1,FALSE,12.3808,108.75,0.0167173203370787,0.0189927802690583,0.0139143049327354,0.01145,0.02035
"sue","Suena","Simple",-7.75,147.55,"Binanderean","Trans-New Guinea",7.75,0,1,TRUE,-8.57131,148.125,0.0177525504494382,0.0192844433789954,0.0157570869955157,0.01302,0.02006
"sui","Sui","Complex",26,107.5,"Kam-Tai","Tai-Kadai",26,1,1,FALSE,25.7139,106.875,0.0120108340449438,0.017425502690583,0.00638981479820628,0.00336,0.01862
"sup","Supyire","Complex",11.5,-5.58333333333,"Senufo","Niger-Congo",11.5,1,1,FALSE,12.3808,-5.625,0.0119205333707865,0.0192033538116592,0.00385663677130045,0.00163,0.02058
"swa","Swahili","Atonal",-6.5,39,"Bantu","Niger-Congo",6.5,0,0,FALSE,-6.66657,39.375,0.0167668376404494,0.0186479740909091,0.0148318475336323,0.01386,0.02018
"sba","Sáliba (in Colombia)","Atonal",6,-70,"Sáliba","Sáliban",6,0,0,FALSE,6.66657,-69.375,0.0178414708988764,0.0194732735426009,0.0150607331838565,0.01195,0.02088
"tab","Taba","Atonal",0,127.5,"South Halmahera - West New Guinea","Austronesian",0,0,0,TRUE,0.952368,127.5,0.0189191913483146,0.0196012328767123,0.0182363648648649,0.01615,0.02083
"tac","Tacana","Atonal",-13.5,-68,"Tacanan","Pano-Tacanan",13.5,0,0,FALSE,-14.2855,-67.5,0.0155408007865169,0.0172634775784753,0.013269404954955,0.01086,0.01844
"tag","Tagalog","Atonal",15,121,"Greater Central Philippine","Austronesian",15,0,0,TRUE,14.2855,121.875,0.0184765580898876,0.0196304054054054,0.0170334049327354,0.01508,0.02052
"tma","Tama","Complex",14.5,22,"Taman","Eastern Sudanic",14.5,1,1,FALSE,14.2855,22.5,0.00826549921348315,0.0150861793721973,0.00312331838565022,0.00147,0.0186384
"tam","Tamang (Eastern)","Simple",27.5,85.666666666667,"Bodic","Sino-Tibetan",27.5,0,1,FALSE,27.6186,86.25,0.0085153702247191,0.0142765919282511,0.00415067567567568,0.00279,0.01618
"tmp","Tampulma","Simple",10.4166666667,-0.583333333333,"Grusi","Niger-Congo",10.4166666667,0,1,FALSE,10.476,0,0.0138708978651685,0.0186845152466368,0.00716261261261261,0.00173,0.0203
"tok","Tarok","Complex",9,10.0833333333,"Benue-Congo Plateau","Niger-Congo",9,1,1,FALSE,8.57131,9.375,0.0145578313483146,0.0178645454545455,0.00874116591928251,0.00232,0.01961
"tas","Tashlhiyt","Atonal",31,-5,"Berber","Afro-Asiatic",31,0,0,FALSE,31.4281,-5.625,0.00484258101123596,0.00594618834080717,0.00374058136363636,0.00248,0.00863
"tsg","Tausug","Atonal",6,121,"Greater Central Philippine","Austronesian",6,0,0,TRUE,6.66657,121.875,0.0189875603370787,0.0197461711711712,0.0181283577272727,0.01638,0.02078
"teh","Tehuelche","Atonal",-48,-68,"Chonan Proper","Chonan",48,0,0,FALSE,-48.5705,-67.5,0.00540506460674157,0.00664198063063063,0.00423542914798206,0.00336,0.00823
"tks","Teke (Southern)","Simple",-2.33333333333,14.5,"Bantu","Niger-Congo",2.33333333333,0,1,FALSE,-2.8571,15,0.016533501011236,0.0183528959276018,0.0135510076233184,0.00889,0.01966
"tel","Telugu","Atonal",16,79,"Dravidian","Dravidian",16,0,0,FALSE,16.1902,78.75,0.0132993508988764,0.017924767264574,0.00923282511210762,0.00674,0.02069
"tmn","Temein","Simple",11.9166666667,29.4166666667,"Temein","Eastern Sudanic",11.9166666667,0,1,FALSE,12.3808,30,0.0113273670786517,0.0175700748878924,0.00405381165919283,0.00125,0.02001
"tne","Temne","Simple",8.66666666667,-13.0833333333,"Northern Mel","Niger-Congo",8.66666666667,0,1,FALSE,8.57131,-13.125,0.0166590326966292,0.0191117486486487,0.0131297747747748,0.00897,0.02044
"ter","Tera","Complex",11,11.8333333333,"Biu-Mandara","Afro-Asiatic",11,1,1,FALSE,10.476,11.25,0.012073461011236,0.0179725475336323,0.0043342600896861,0.00183,0.01956
"ttn","Tetun","Atonal",-9,126,"Central Malayo-Polynesian","Austronesian",9,0,0,TRUE,-8.57131,125.625,0.0180690771910112,0.0195789894977169,0.0162031040540541,0.014,0.02047
"tha","Thai","Complex",16,101,"Kam-Tai","Tai-Kadai",16,1,1,FALSE,16.1902,101.25,0.0164354848314607,0.0199002914414414,0.0111861434977578,0.00732,0.02156
"tib","Tibetan (Standard Spoken)","Simple",30,91,"Bodic","Sino-Tibetan",30,0,1,FALSE,29.5234,91.875,0.00515197921348315,0.00964835515695067,0.00167977692307692,0.00103,0.01162
"tic","Ticuna","Complex",-4,-70.5,"Ticuna","Ticuna",4,1,1,FALSE,-4.76184,-71.25,0.017712187752809,0.0187963063063063,0.0164237714932127,0.01447,0.01982
"tgk","Tigak","Atonal",-2.71666666667,150.8,"Oceanic","Austronesian",2.71666666667,0,0,TRUE,-2.8571,150,0.0190880497752809,0.0198995433789954,0.0181304031531532,0.01596,0.02068
"tgr","Tigré","Atonal",16.5,38.5,"Semitic","Afro-Asiatic",16.5,0,0,FALSE,16.1902,39.375,0.0178282326966292,0.0210063778280543,0.0147971621621622,0.01326,0.02282
"try","Tiruray","Atonal",6.75,124.166666667,"Bilic","Austronesian",6.75,0,0,TRUE,6.66657,123.75,0.0186917531460674,0.0194151162790698,0.0178650242009132,0.0167,0.0207
"twn","Tiwa (Northern)","Simple",36.5,-105.5,"Kiowa-Tanoan","Kiowa-Tanoan",36.5,0,1,FALSE,37.1423,-105,0.00528668168539326,0.0084442036036036,0.00291745067264574,0.00202,0.01263
"tiw","Tiwi","Atonal",-11.5,131,"Tiwian","Tiwian",11.5,0,0,FALSE,-12.3808,131.25,0.0163113724719101,0.0212726457399103,0.0106564594594595,0.00811,0.02303
"tlp","Tlapanec","Complex",17.0833333333,-99,"Subtiaba-Tlapanec","Oto-Manguean",17.0833333333,1,1,FALSE,16.1902,-99.375,0.0170828196629213,0.0187322424657534,0.01508445,0.01322,0.02008
"tli","Tlingit","Simple",59,-135,"Tlingit","Na-Dene",59,0,1,FALSE,58.0939,-135,0.00485523449438202,0.00743827937219731,0.00296714753363229,0.0015,0.0097261
"toa","Toaripi","Atonal",-8.33333333333,146.25,"Eleman","Eleman",8.33333333333,0,0,FALSE,-8.57131,146.25,0.017333394494382,0.0184777813636364,0.0157946766816143,0.01369,0.01921
"tol","Tol","Atonal",14.6666666667,-87,"Tol","Tol",14.6666666667,0,0,FALSE,14.2855,-86.25,0.0161689778651685,0.0178398123853211,0.0139145248868778,0.01226,0.01894
"ton","Tonkawa","Atonal",30.25,-96.75,"Tonkawa","Tonkawa",30.25,0,0,FALSE,29.5234,-97.5,0.0114534866292135,0.0162469089686099,0.00673298609865471,0.00419,0.0195
"dts","Toro So","Simple",14.4166666667,-3.25,"Dogon","Dogon",14.4166666667,0,1,FALSE,14.2855,-3.75,0.00941835449438202,0.0177969843049327,0.00291166666666667,0.00137,0.02075
"tpa","Totonac (Papantla)","Atonal",20.3333333333,-97.3333333333,"Totonacan","Totonacan",20.3333333333,0,0,FALSE,19.9997,-97.5,0.0145566830337079,0.0167493789237668,0.012060736199095,0.01041,0.01801
"tru","Trumai","Atonal",-11.9166666667,-53.5833333333,"Trumai","Trumai",11.9166666667,0,0,FALSE,-12.3808,-54.375,0.0151758816853933,0.0186647085201794,0.00899959775784753,0.00593,0.01986
"tsi","Tsimshian (Coast)","Atonal",52.5,-129,"Tsimshianic","Tsimshianic",52.5,0,0,FALSE,52.3799,-129.375,0.00619950011235955,0.00840835112107623,0.00448800904977376,0.00271,0.01016
"tso","Tsou","Atonal",23.5,120.75,"Tsou","Austronesian",23.5,0,0,TRUE,23.8092,120,0.0155365594382022,0.0198275090497738,0.0110382917808219,0.008,0.02114
"ttu","Tsova-Tush","Atonal",42.5,45.5,"Nakh","Nakh-Daghestanian",42.5,0,0,FALSE,42.8564,45,0.00694269382022472,0.0110346919282511,0.00311921928251121,0.0018,0.01357
"tug","Tuareg (Ahaggar)","Atonal",23,6,"Berber","Afro-Asiatic",23,0,0,FALSE,23.8092,5.625,0.00384867269662921,0.00527703766816144,0.00273316742081448,0.00184,0.01115
"tuk","Tukang Besi","Atonal",-5.5,123.5,"Celebic","Austronesian",5.5,0,0,TRUE,-4.76184,123.75,0.0190598097752809,0.0201530193693694,0.0178717321266968,0.01567,0.02106
"tul","Tulu","Atonal",12.75,75.3333333333,"Dravidian","Dravidian",12.75,0,0,FALSE,12.3808,75,0.0174824646067416,0.0191219346846847,0.0153401067567568,0.01261,0.02073
"tur","Turkish","Atonal",39,35,"Turkic","Altaic",39,0,0,FALSE,39.047,35.625,0.00640917876404494,0.00968949730941704,0.00339520179372197,0.00172,0.01299
"tuv","Tuvan","Atonal",52,95,"Turkic","Altaic",52,0,0,FALSE,52.3799,95.625,0.00447705921348315,0.00950926950672646,0.00116570358744395,4e-04,0.01248
"tza","Tzeltal (Aguacatenango)","Atonal",16.4166666667,-92.5,"Mayan","Mayan",16.4166666667,0,0,FALSE,16.1902,-91.875,0.0149686520224719,0.0173193900452489,0.0121948828054299,0.0102,0.01869
"umb","UMbundu","Simple",-12.5,15,"Bantu","Niger-Congo",12.5,0,1,FALSE,-12.3808,15,0.0112370668539326,0.0150452716216216,0.00693157130044843,0.00452,0.01645
"una","Una","Simple",-4.66666666667,140,"Mek","Trans-New Guinea",4.66666666667,0,1,TRUE,-4.76184,140.625,0.0176066717977528,0.0181847439461883,0.0169720495454545,0.01511,0.01882
"ung","Ungarinjin","Atonal",-16.3333333333,126,"Worrorran","Worrorran",16.3333333333,0,0,FALSE,-16.1902,125.625,0.0129412888764045,0.0189497757847534,0.00744466547085202,0.00501,0.02131
"urk","Urubú-Kaapor","Atonal",-2.33333333333,-46.5,"Maweti-Guarani","Tupian",2.33333333333,0,0,FALSE,-2.8571,-46.875,0.0180774205617978,0.0194647945205479,0.0158016385650224,0.01258,0.02092
"usa","Usan","Atonal",-4.83333333333,145.166666667,"North Adelbert","Trans-New Guinea",4.83333333333,0,0,TRUE,-4.76184,144.375,0.0173397648314607,0.0181741522727273,0.0162408071748879,0.01223,0.01899
"uzn","Uzbek (Northern)","Atonal",40.6666666667,66.5,"Turkic","Altaic",40.6666666667,0,0,FALSE,40.9517,65.625,0.00361097157303371,0.00510358325791855,0.00214312331838565,0.00055,0.00772
"vie","Vietnamese","Complex",10.5,106.5,"Vietic","Austro-Asiatic",10.5,1,1,FALSE,10.476,106.875,0.0179413679775281,0.0203656363636364,0.0144857399103139,0.01193,0.02156
"wah","Wahgi","Simple",-5.83333333333,144.716666667,"Chimbu-Wahgi","Trans-New Guinea",5.83333333333,0,1,TRUE,-6.66657,144.375,0.0166033971910112,0.01765389543379,0.0151630282511211,0.0111,0.01847
"bno","Waimaha","Simple",0.333333333333,-70.25,"Tucanoan","Tucanoan",0.333333333333,0,1,FALSE,0.952368,-69.375,0.0185824673033708,0.0193957534246575,0.0177109371040724,0.01652,0.02046
"wam","Wambaya","Atonal",-18.6666666667,135.75,"Wambayan","Mirndi",18.6666666667,0,0,FALSE,-18.095,135,0.00888004707865169,0.0151942533936652,0.00422182242152466,0.00214,0.0203
"wnt","Wantoat","Atonal",-6.16666666667,146.5,"Finisterre","Trans-New Guinea",6.16666666667,0,0,TRUE,-6.66657,146.25,0.0163684250561798,0.017683869266055,0.0145661789954338,0.01154,0.01854
"wao","Waorani","Atonal",-1,-76.5,"Waorani","Waorani",1,0,0,FALSE,-0.952368,-76.875,0.0151229064044944,0.0164227927927928,0.0135521627802691,0.01151,0.01762
"wps","Wapishana","Atonal",2.66666666667,-60,"Negro-Roraima","Arawakan",2.66666666667,0,0,FALSE,2.8571,-60,0.0171316547191011,0.0185603153153153,0.0152139349775785,0.01258,0.01988
"wap","Wappo","Atonal",38.5,-122.5,"Wappo","Wappo-Yukian",38.5,0,0,FALSE,39.047,-121.875,0.0065464097752809,0.00780039144144144,0.00530452107623318,0.0041,0.00927
"wra","Warao","Atonal",9.33333333333,-61.6666666667,"Warao","Warao",9.33333333333,0,0,FALSE,8.57131,-61.875,0.0169294192134831,0.0184915246636771,0.0152727149321267,0.01397,0.0197
"wry","Waray (in Australia)","Atonal",-13.1666666667,131.25,"Western Gunwinyguan","Gunwinyguan",13.1666666667,0,0,FALSE,-12.3808,131.25,0.0163113724719101,0.0212726457399103,0.0106564594594595,0.00811,0.02303
"wrd","Wardaman","Atonal",-15.5,131,"Yangmanic","Yangmanic",15.5,0,0,FALSE,-16.1902,131.25,0.0113292713483146,0.0184673094170404,0.00503264753363229,0.00266,0.02144
"war","Wari'","Atonal",-11.3333333333,-65,"Chapacura-Wanham","Chapacura-Wanham",11.3333333333,0,0,FALSE,-10.476,-65.625,0.0164178088764045,0.0187439269406393,0.0135383565022422,0.00952,0.02037
"wma","West Makian","Atonal",0.5,127.583333333,"North Halmaheran","North Halmaheran",0.5,0,0,FALSE,0.952368,127.5,0.0189191913483146,0.0196012328767123,0.0182363648648649,0.01615,0.02083
"wdo","Western Desert (Ooldea)","Atonal",-30.5,132,"Western Pama-Nyungan","Pama-Nyungan",30.5,0,0,TRUE,-31.4281,131.25,0.00654147764044944,0.00829717488789238,0.00507874128440367,0.00446,0.01054
"wic","Wichita","Atonal",33.3333333333,-97.3333333333,"Northern Caddoan","Caddoan",33.3333333333,0,0,FALSE,33.3328,-97.5,0.00951780393258427,0.0148370632286996,0.00484512600896861,0.00296,0.019
"wch","Wichí","Atonal",-22.5,-62.5833333333,"Matacoan","Matacoan",22.5,0,0,FALSE,-21.9044,-61.875,0.0135949392134831,0.0177013761261261,0.00900194260089686,0.00596,0.02015
"wmu","Wik Munkan","Atonal",-13.9166666667,141.75,"Northern Pama-Nyungan","Pama-Nyungan",13.9166666667,0,0,TRUE,-14.2855,142.5,0.0154865252808989,0.0201769506726457,0.0114711730941704,0.00966,0.02185
"win","Wintu","Atonal",41,-122.5,"Wintuan","Penutian",41,0,0,FALSE,40.9517,-121.875,0.00559410280898876,0.00704144414414414,0.00426721883408072,0.00331,0.00921
"wiy","Wiyot","Atonal",40.8333333333,-124.166666667,"Wiyot","Algic",40.8333333333,0,0,FALSE,40.9517,-123.75,0.00691148348314607,0.00815518648648649,0.00569116803652968,0.00467,0.00964
"woi","Woisika","Atonal",-8.25,124.833333333,"Alor-Pantar","Greater West Bomberai",8.25,0,0,FALSE,-8.57131,125.625,0.0180690771910112,0.0195789894977169,0.0162031040540541,0.014,0.02047
"wlf","Wolof","Atonal",15.25,-16,"Wolof","Niger-Congo",15.25,0,0,FALSE,16.1902,-16.875,0.014206943258427,0.0185859053811659,0.0106059009009009,0.00871,0.02064
"wuc","Wu","Complex",31.6666666667,119.916666667,"Chinese","Sino-Tibetan",31.6666666667,1,1,FALSE,31.4281,120,0.0110626102247191,0.0192768860986547,0.00447562466367713,0.00258,0.02243
"ygr","Yagaria","Simple",-6.33333333333,145.416666667,"Siane-Yagaria","Trans-New Guinea",6.33333333333,0,1,TRUE,-6.66657,146.25,0.0163684250561798,0.017683869266055,0.0145661789954338,0.01154,0.01854
"yag","Yagua","Simple",-3.5,-72,"Peba-Yaguan","Peba-Yaguan",3.5,0,1,FALSE,-2.8571,-71.25,0.0181917131460674,0.0191141176470588,0.0171531561085973,0.01592,0.02005
"ykt","Yakut","Atonal",62,130,"Turkic","Altaic",62,0,0,FALSE,61.9033,129.375,0.0037642291011236,0.00939668063063063,0.000312408520179372,9e-05,0.01367
"yan","Yana","Atonal",40.5,-122,"Yana","Hokan",40.5,0,0,FALSE,40.9517,-121.875,0.00559410280898876,0.00704144414414414,0.00426721883408072,0.00331,0.00921
"yny","Yanyuwa","Atonal",-16.4166666667,137.166666667,"Western Pama-Nyungan","Pama-Nyungan",16.4166666667,0,0,TRUE,-16.1902,136.875,0.0135870003370787,0.0193245454545455,0.00849670990990991,0.0062655,0.02219
"yap","Yapese","Atonal",9.58333333333,138.166666667,"Yapese","Austronesian",9.58333333333,0,0,TRUE,10.476,138.75,0.0195761733707865,0.0201748198198198,0.0189504067567568,0.01793,0.02082
"yaq","Yaqui","Simple",27.5,-110.25,"Cahita","Uto-Aztecan",27.5,0,1,FALSE,27.6186,-110.625,0.00824417426966292,0.0123963188340807,0.00535198325791855,0.00386,0.01592
"yar","Yareba","Atonal",-9.5,148.5,"Yareban","Trans-New Guinea",9.5,0,0,TRUE,-8.57131,148.125,0.0177525504494382,0.0192844433789954,0.0157570869955157,0.01302,0.02006
"yaw","Yawa","Atonal",-1.75,136.25,"Yawa","Yawa",1.75,0,0,FALSE,-0.952368,136.875,0.0190249953932584,0.0197017040358744,0.0183998559090909,0.01777,0.0204
"yay","Yay","Complex",22.4166666667,104.75,"Kam-Tai","Tai-Kadai",22.4166666667,1,1,FALSE,21.9044,105,0.014563914494382,0.0194235049327354,0.00922900900900901,0.00522,0.02084
"yel","Yelî Dnye","Atonal",-11.3666666667,154.166666667,"Yele","Yele",11.3666666667,0,0,FALSE,-10.476,153.75,0.0191272286516854,0.0199927149321267,0.0181904542600897,0.01625,0.02099
"yes","Yessan-Mayo","Atonal",-4.16666666667,142.583333333,"Tama Sepik","Sepik",4.16666666667,0,0,FALSE,-4.76184,142.5,0.0174830929213483,0.0180448662037037,0.0168655405405405,0.0137,0.01873
"yey","Yeyi","Simple",-20,23.5,"Bantu","Niger-Congo",20,0,1,FALSE,-19.9997,24.375,0.00904967404494382,0.0149424623318386,0.00493472511210762,0.00395,0.01822
"yid","Yidiny","Atonal",-17,145.75,"Northern Pama-Nyungan","Pama-Nyungan",17,0,0,TRUE,-16.1902,146.25,0.0166745482022472,0.0192543891402715,0.0139745693693694,0.01165,0.02056
"yim","Yimas","Atonal",-4.66666666667,143.55,"Lower Sepik","Ramu-Lower Sepik",4.66666666667,0,0,FALSE,-4.76184,144.375,0.0173397648314607,0.0181741522727273,0.0162408071748879,0.01223,0.01899
"yor","Yoruba","Complex",8,4.33333333333,"Defoid","Niger-Congo",8,1,1,FALSE,8.57131,3.75,0.0159792214606742,0.0182968968325792,0.0120033783783784,0.00389,0.01965
"yct","Yucatec","Simple",20,-89,"Mayan","Mayan",20,0,1,FALSE,19.9997,-88.125,0.0175441814606742,0.0200603180995475,0.0149718247747748,0.01267,0.02211
"yuc","Yuchi","Atonal",35.75,-86.75,"Yuchi","Yuchi",35.75,0,0,FALSE,35.2375,-86.25,0.0102701441573034,0.0166736730941704,0.00500899865470852,0.00238,0.01952
"ycn","Yucuna","Atonal",-0.75,-71,"Japura-Colombia","Arawakan",0.75,0,0,FALSE,-0.952368,-71.25,0.0181012506741573,0.0190188789237668,0.0170613389140271,0.01595,0.02008
"yko","Yukaghir (Kolyma)","Atonal",65.75,150.833333333,"Yukaghir","Yukaghir",65.75,0,0,FALSE,65.7125,150,0.00332369876404494,0.00831961031390135,0.000427520627802691,0.00024,0.01229
"ytu","Yukaghir (Tundra)","Atonal",69,155,"Yukaghir","Yukaghir",69,0,0,FALSE,69.5217,155.625,0.00234764078651685,0.00562262297297297,0.000273036322869955,0.00012,0.00843
"yul","Yulu","Complex",8.5,25.25,"Bongo-Bagirmi","Central Sudanic",8.5,1,1,FALSE,8.57131,24.375,0.0145770439325843,0.0179928614349776,0.00836585585585586,0.00217,0.01954
"yus","Yupik (Siberian)","Atonal",65,-173,"Eskimo","Eskimo-Aleut",65,0,0,FALSE,65.7125,-172.5,0.0030407306741573,0.00590755650224215,0.000807259817351598,0.00024,0.00828
"yur","Yurok","Atonal",41.3333333333,-124,"Yurok","Algic",41.3333333333,0,0,FALSE,40.9517,-123.75,0.00691148348314607,0.00815518648648649,0.00569116803652968,0.00467,0.00964
"zan","Zande","Simple",4,26,"Ubangi","Niger-Congo",4,0,1,FALSE,4.76184,26.25,0.0164387819101124,0.0177563063063063,0.0144246153846154,0.00658,0.01937
"zqc","Zoque (Copainalá)","Atonal",17,-93.25,"Mixe-Zoque","Mixe-Zoque",17,0,0,FALSE,16.1902,-93.75,0.0160214524719101,0.0187900121076233,0.0128773502242152,0.01105,0.02009
"zul","Zulu","Simple",-30,30,"Bantu","Niger-Congo",30,0,1,FALSE,-29.5234,30,0.0104154560674157,0.0145510919282511,0.00637656457399103,0.00511,0.01643
"zun","Zuni","Atonal",35.0833333333,-108.833333333,"Zuni","Zuni",35.0833333333,0,0,FALSE,35.2375,-108.75,0.00486076797752809,0.00721440315315315,0.00327252916666667,0.0023,0.0129
